T,t,R,r,a,P,stress
24,21,750,140,30,3,344.6668091
27,21,650,180,18,4,344.5634766
21,15,750,180,12,3,344.4481201
27,21,600,220,18,4,344.2919922
24,21,750,140,0,4,343.9967957
24,18,700,140,30,3,343.9493408
27,21,800,180,0,4,343.9313049
21,21,650,140,6,4,343.6635742
24,21,650,180,12,4,343.579071
24,24,650,220,12,4,343.2333984
21,18,800,180,12,3,343.0450439
24,15,650,140,30,3,342.9194641
24,24,700,220,6,4,342.8796082
21,21,650,140,30,3,342.5193481
24,21,600,220,12,4,342.4273682
27,21,800,140,6,4,342.2879334
24,24,650,140,18,4,342.109436
27,24,800,140,12,4,342.0117798
21,24,650,140,12,4,341.6592102
21,24,650,180,6,4,341.6375427
24,21,650,220,6,4,341.5697021
21,21,800,140,18,3,340.99646
21,21,800,140,18,3,340.99646
21,18,600,140,30,3,340.1091309
21,18,800,220,6,3,340.0690002
24,15,800,140,18,3,340.0108337
24,24,600,180,18,4,339.9368286
21,18,750,220,12,3,339.9077759
21,18,750,140,18,3,339.5315857
24,24,750,180,0,4,339.2776184
21,24,600,180,12,4,339.2536316
21,15,700,140,18,3,339.0441895
27,24,800,180,6,4,339.0256042
21,24,800,180,18,3,338.4859314
21,15,800,180,0,3,338.403595
27,24,800,220,0,4,338.4025269
21,21,800,220,12,3,338.3291626
21,21,800,220,12,3,338.3291626
27,21,750,140,12,4,338.3195801
24,15,800,220,12,3,338.3083496
21,24,700,140,0,4,338.0599365
24,15,600,220,24,3,337.9326172
21,21,600,140,12,4,337.5790405
21,21,750,180,18,3,337.5226135
21,21,750,180,18,3,337.5226135
24,24,750,140,6,4,337.2716675
21,18,700,180,18,3,337.1935425
24,15,750,180,18,3,337.1848145
24,21,600,140,18,4,337.1309814
21,15,650,180,18,3,337.1233521
27,24,750,180,12,4,336.637085
24,21,700,180,0,4,336.5394897
24,18,800,180,18,3,336.4305725
27,21,750,220,0,4,336.3243103
24,21,600,220,30,3,336.2966919
27,21,750,180,6,4,336.0048828
21,18,650,220,18,3,335.6735535
21,15,800,140,6,3,335.2893677
24,15,700,220,18,3,335.2073975
27,21,800,140,0,4,334.8718567
21,21,650,140,0,4,334.6452637
21,21,700,220,18,3,334.3696594
21,21,700,220,18,3,334.3696594
27,24,700,140,18,4,334.2853394
21,24,750,220,18,3,334.2741089
21,21,600,220,24,3,333.7128906
24,21,700,140,6,4,333.4980774
27,21,700,180,12,4,333.4866333
24,21,800,140,24,3,333.3763733
24,18,650,220,24,3,333.2086487
24,15,650,180,24,3,332.829071
27,24,700,220,12,4,332.7124023
24,18,750,220,18,3,332.6869507
27,24,750,220,6,4,332.6146545
24,24,700,140,12,4,332.4161682
24,21,800,220,18,3,332.1685181
24,21,800,220,18,3,332.1685181
21,18,800,140,12,3,331.967865
24,21,650,180,30,3,331.8526611
27,24,650,180,18,4,331.7541809
24,21,750,180,24,3,331.6607361
24,24,700,220,0,4,331.6481628
21,18,600,180,24,3,331.495636
24,18,750,140,24,3,331.4717407
24,21,700,220,24,3,331.4503174
24,24,700,180,6,4,331.3979492
24,18,600,180,30,3,331.2844543
21,21,650,180,24,3,331.2589722
24,18,700,180,24,3,331.2272034
27,21,650,220,12,4,331.1314087
21,15,750,140,12,3,331.0220032
24,15,700,140,24,3,330.8477478
21,24,650,180,0,4,330.7560425
21,21,700,140,24,3,330.7477722
27,21,700,220,6,4,330.7388611
21,18,800,220,0,3,330.5990601
27,24,600,220,18,4,330.5853882
21,15,750,180,6,3,330.5443726
27,24,800,180,0,4,330.4984131
24,21,650,220,0,4,330.0293884
27,21,650,140,18,4,329.7452393
21,18,800,180,6,3,329.5164185
24,24,750,140,0,4,329.3084717
27,24,800,140,6,4,329.1686707
24,21,700,140,30,3,328.9008789
24,24,650,180,12,4,328.9003601
21,18,650,140,24,3,328.7292175
24,21,650,180,6,4,328.4882202
27,21,600,180,18,4,328.3414001
21,15,700,180,12,3,328.3229675
21,15,600,140,24,3,328.1517944
24,21,650,140,12,4,328.0327148
21,15,800,140,0,3,328.0178528
21,24,650,140,6,4,327.4889221
24,18,650,140,30,3,327.3907471
27,21,750,180,0,4,327.3376465
21,18,750,180,12,3,327.2577515
21,21,800,180,12,3,327.2007446
21,21,800,180,12,3,327.2007446
24,24,600,220,12,4,327.1161194
21,24,800,140,18,3,326.5191345
24,15,800,180,12,3,326.4957581
24,24,650,220,6,4,326.3470154
24,21,600,180,12,4,325.9674683
24,15,600,140,30,3,325.7600098
24,21,700,140,0,4,325.4525452
27,21,750,140,6,4,325.0311279
27,24,750,140,12,4,324.9927979
24,21,600,220,6,4,324.9885864
21,18,700,220,12,3,324.9746399
24,18,800,140,18,3,324.9649658
21,18,750,220,6,3,324.828125
21,21,600,140,30,3,324.4336548
21,21,750,140,18,3,324.3180847
21,21,750,140,18,3,324.3180847
24,15,750,220,12,3,324.2914734
24,15,750,140,18,3,324.1938171
24,15,800,220,6,3,324.0484619
21,21,750,220,12,3,323.5734558
21,21,750,220,12,3,323.5734558
21,21,800,220,6,3,323.5620117
21,21,800,220,6,3,323.5620117
21,21,600,140,6,4,323.4352722
24,24,600,140,18,4,323.2579346
21,24,750,180,18,3,323.0014343
21,24,600,180,6,4,322.9749451
27,24,750,180,6,4,322.9390869
21,24,800,220,12,3,322.8848267
27,24,750,220,0,4,322.7312317
24,21,800,180,18,3,322.5495911
24,21,800,180,18,3,322.5495911
21,18,700,140,18,3,322.4897766
24,18,800,220,12,3,322.4438171
24,15,700,180,18,3,322.2820129
21,15,750,180,0,3,322.0542603
27,24,800,140,0,4,321.872467
24,24,700,180,0,4,321.837616
21,24,600,140,12,4,321.8209839
21,21,700,180,18,3,321.7579346
21,21,700,180,18,3,321.7579346
24,18,750,180,18,3,321.7123413
24,15,650,220,18,3,321.6390991
21,15,650,140,18,3,321.6336975
21,18,800,180,0,3,321.4165649
21,18,600,220,18,3,321.0780945
21,15,600,180,18,3,321.0558472
27,24,700,180,12,4,320.469635
27,21,700,220,0,4,320.4598389
21,18,650,180,18,3,320.4052124
27,21,700,140,12,4,320.3100281
21,21,650,220,18,3,319.7034302
21,21,650,220,18,3,319.7034302
21,24,700,220,18,3,319.6889954
27,21,700,180,6,4,319.6842651
24,18,600,220,24,3,319.6567383
24,24,700,140,6,4,319.37854
24,24,800,220,18,3,319.2151184
24,18,700,220,18,3,319.050293
21,18,800,140,6,3,319.0010681
24,21,650,180,0,4,318.7517395
24,21,750,220,18,3,318.5524292
24,21,750,220,18,3,318.5524292
21,24,650,140,0,4,318.5353699
21,15,750,140,6,3,318.344696
24,15,600,180,24,3,318.1112671
24,21,650,220,24,3,318.0461426
24,21,750,140,24,3,317.8390198
27,21,750,140,0,4,317.8171692
27,24,650,220,12,4,317.6317749
27,24,700,220,6,4,317.3955688
27,24,650,140,18,4,317.2355652
27,21,650,180,12,4,317.2248535
24,21,700,180,24,3,317.0736389
24,21,600,180,30,3,316.9375916
24,18,650,180,24,3,316.5463867
21,21,800,140,12,3,316.4809265
21,21,800,140,12,3,316.4809265
27,21,600,220,12,4,316.2207336
21,21,600,180,24,3,315.7381287
24,18,700,140,24,3,315.647644
24,15,800,140,12,3,315.6138611
27,24,600,180,18,4,315.3525085
27,21,650,220,6,4,315.3395996
21,18,750,220,0,3,315.2385559
24,15,800,220,0,3,315.2355652
24,21,650,140,6,4,315.0561829
24,24,650,220,0,4,314.9920654
21,18,750,140,12,3,314.9552002
24,15,650,140,24,3,314.7139893
21,15,700,180,6,3,314.5816956
21,21,600,140,0,4,314.5321045
27,24,750,180,0,4,314.3805237
24,24,650,140,12,4,314.2025757
24,24,650,180,6,4,314.2000732
21,21,800,220,0,3,314.1661072
21,21,800,220,0,3,314.1661072
24,15,800,180,6,3,314.1096497
21,21,800,180,6,3,314.0059509
21,21,800,180,6,3,314.0059509
21,18,750,180,6,3,313.8901672
21,21,650,140,24,3,313.7645264
21,15,700,140,12,3,313.6551209
24,21,600,220,0,4,313.2058716
24,21,650,140,30,3,312.7650146
21,24,800,180,12,3,312.5581665
27,24,750,140,6,4,312.510376
21,15,650,180,12,3,312.4588013
24,15,750,180,12,3,312.0319824
21,24,600,180,0,4,312.0251465
21,18,800,140,0,3,311.8723145
21,21,750,180,12,3,311.8535156
21,21,750,180,12,3,311.8535156
24,24,600,180,12,4,311.8204956
24,18,800,180,12,3,311.7638855
24,21,800,140,18,3,311.7234802
24,21,800,140,18,3,311.7234802
27,21,600,140,18,4,311.686554
21,18,700,180,12,3,311.6053162
21,18,600,140,24,3,311.4938049
21,15,750,140,0,3,311.4476929
24,24,700,140,0,4,311.4108887
24,21,600,180,6,4,311.063446
27,21,700,180,0,4,310.9275818
24,15,700,220,12,3,310.7983093
21,24,750,140,18,3,310.4382629
21,18,650,220,12,3,310.3037109
24,24,600,220,6,4,310.2138672
24,15,750,220,6,3,310.1491089
24,24,800,180,18,3,309.9776611
24,18,600,140,30,3,309.9588318
24,21,600,140,12,4,309.8912354
21,18,700,220,6,3,309.8873596
24,18,750,140,18,3,309.5687866
21,21,700,220,12,3,308.9568787
21,21,700,220,12,3,308.9568787
21,21,750,220,6,3,308.7907715
21,21,750,220,6,3,308.7907715
24,18,800,220,6,3,308.7685547
24,18,750,220,12,3,308.6809387
24,15,600,220,18,3,308.6016235
21,24,750,220,12,3,308.5211792
24,15,700,140,18,3,308.4537048
21,24,800,220,6,3,308.397522
24,21,800,220,12,3,308.2548828
24,21,800,220,12,3,308.2548828
24,21,750,180,18,3,308.2063599
24,21,750,180,18,3,308.2063599
21,21,700,140,18,3,308.2060242
21,21,700,140,18,3,308.2060242
27,21,700,140,6,4,308.170166
21,24,600,140,6,4,308.0203552
27,24,700,140,12,4,307.940979
21,24,700,180,18,3,307.71698
27,24,700,220,0,4,307.3032837
24,18,700,180,18,3,307.1790771
24,21,650,140,0,4,307.0726013
27,24,700,180,6,4,307.039978
24,15,650,180,18,3,306.5157776
24,15,800,180,0,3,306.4330139
21,15,700,180,0,3,305.9551086
24,24,750,220,18,3,305.9056091
21,18,650,140,18,3,305.905426
27,21,800,220,18,3,305.8876648
21,21,800,180,0,3,305.8602905
21,21,800,180,0,3,305.8602905
21,21,650,180,18,3,305.7268372
21,21,650,180,18,3,305.7268372
24,18,650,220,18,3,305.7131348
21,18,750,180,0,3,305.6690369
21,21,600,220,18,3,305.4364929
21,21,600,220,18,3,305.4364929
21,24,650,220,18,3,305.4098511
27,24,750,140,0,4,305.3509827
24,21,700,220,18,3,305.180542
24,21,700,220,18,3,305.180542
24,21,600,220,24,3,304.9363403
27,21,650,220,0,4,304.8676758
21,18,600,180,18,3,304.7232971
27,24,650,180,12,4,304.630188
24,24,650,180,0,4,304.6226501
21,15,600,140,18,3,304.4426575
24,15,800,140,6,3,304.1737671
21,21,800,140,6,3,304.0958862
21,21,800,140,6,3,304.0958862
27,21,650,180,6,4,303.5455017
27,21,650,140,12,4,303.4598389
27,24,600,220,12,4,303.0367737
24,21,650,180,24,3,302.6945801
21,18,750,140,6,3,302.6916504
24,21,700,140,24,3,302.4209595
24,18,600,180,24,3,302.3740845
27,24,650,220,6,4,302.3471069
24,18,800,140,12,3,302.1985779
21,24,800,140,12,3,302.0643005
21,15,700,140,6,3,301.7241516
24,24,650,140,6,4,301.5596619
24,15,750,140,12,3,301.2763367
27,21,600,180,12,4,301.2659302
24,21,600,180,0,4,301.2362976
24,15,750,220,0,3,301.1317749
27,21,700,140,0,4,300.8882141
24,18,800,220,0,3,300.3469543
27,21,600,220,6,4,300.3201904
21,21,750,140,12,3,300.3146057
21,21,750,140,12,3,300.3146057
21,18,700,220,0,3,300.1248169
24,18,650,140,24,3,299.9521484
27,24,600,140,18,4,299.6634216
24,18,800,180,6,3,299.6375732
24,24,800,140,18,3,299.6000366
21,24,800,180,6,3,299.533905
24,15,750,180,6,3,299.4742432
21,21,750,220,0,3,299.3169556
21,21,750,220,0,3,299.3169556
21,24,600,140,0,4,299.2136841
21,24,800,220,0,3,299.0196838
24,15,600,140,24,3,298.8854675
21,21,750,180,6,3,298.8641357
21,21,750,180,6,3,298.8641357
21,15,650,180,6,3,298.7872314
24,24,600,220,0,4,298.6756592
24,21,800,180,12,3,298.5187683
24,21,800,180,12,3,298.5187683
27,24,700,180,0,4,298.4450073
21,18,700,180,6,3,298.4234619
21,18,700,140,12,3,298.1748962
24,15,800,140,0,3,297.7633667
24,15,700,180,12,3,297.7375488
21,24,750,180,12,3,297.7263794
24,18,750,180,12,3,297.5785828
24,15,650,220,12,3,297.4790649
27,21,800,180,18,3,297.4013672
21,15,650,140,12,3,297.3340759
24,24,600,180,6,4,297.3292542
21,21,800,140,0,3,297.1238098
21,21,800,140,0,3,297.1238098
21,21,600,140,24,3,297.0081482
24,21,600,140,30,3,296.9858704
21,15,600,180,12,3,296.8711548
24,21,600,140,6,4,296.7713013
24,21,750,140,18,3,296.7127075
24,21,750,140,18,3,296.7127075
21,21,700,180,12,3,296.6309814
21,21,700,180,12,3,296.6309814
24,24,600,140,12,4,296.4769592
24,15,700,220,6,3,296.4501343
21,18,650,180,12,3,296.1917419
27,24,700,140,6,4,296.1235657
21,18,600,220,12,3,296.0323486
24,24,750,180,18,3,296.014801
21,18,750,140,0,3,295.8970337
24,24,800,220,12,3,295.428833
24,18,700,220,12,3,295.4283142
24,18,750,220,6,3,295.2263489
21,18,650,220,6,3,295.2192688
24,21,800,220,6,3,295.103241
24,21,800,220,6,3,295.103241
24,21,750,220,12,3,294.9302673
24,21,750,220,12,3,294.9302673
21,15,700,140,0,3,294.8447571
27,21,650,180,0,4,294.7211609
27,24,800,220,18,3,294.7125549
21,21,650,220,12,3,294.6725159
21,21,650,220,12,3,294.6725159
21,24,700,140,18,3,294.4854126
21,24,700,220,12,3,294.4095459
21,21,700,220,6,3,294.2946472
21,21,700,220,6,3,294.2946472
24,18,700,140,18,3,294.2558899
21,24,750,220,6,3,294.1291809
24,21,700,180,18,3,294.0621338
24,21,700,180,18,3,294.0621338
24,24,650,140,0,4,293.6711121
27,21,750,220,18,3,293.585083
24,15,650,140,18,3,292.8546143
24,24,700,220,18,3,292.8295288
24,18,600,220,18,3,292.7531128
21,24,650,180,18,3,292.5688171
24,18,800,180,0,3,292.4265442
24,15,600,180,18,3,292.1894531
24,18,650,180,18,3,292.1477661
27,24,650,220,0,4,292.1304016
24,21,650,220,18,3,292.09729
24,21,650,220,18,3,292.09729
24,15,750,180,0,3,291.8887024
21,21,650,140,18,3,291.8499146
21,21,650,140,18,3,291.8499146
27,24,650,140,12,4,291.5425415
21,24,600,220,18,3,291.4934387
21,24,800,180,0,3,291.4131165
27,24,650,180,6,4,291.3572693
27,21,650,140,6,4,291.3345947
21,21,750,180,0,3,290.6716919
21,21,750,180,0,3,290.6716919
24,18,800,140,6,3,290.5587158
21,21,600,180,18,3,290.4666748
21,21,600,180,18,3,290.4666748
21,24,800,140,6,3,290.1430664
21,18,700,180,0,3,290.107605
21,15,650,180,0,3,290.0763245
27,21,600,220,0,4,289.6037903
24,21,800,140,12,3,289.2416077
24,21,800,140,12,3,289.2416077
21,18,600,140,18,3,289.2035522
27,24,600,180,12,4,289.0840759
24,15,750,140,6,3,288.9819336
27,24,700,140,0,4,288.9512024
24,21,600,140,0,4,288.8800049
24,21,600,180,24,3,288.8173828
21,21,750,140,6,3,288.401825
21,21,750,140,6,3,288.401825
27,24,600,220,6,4,287.7034302
27,21,800,140,18,3,287.6852112
24,24,600,180,0,4,287.6696167
27,21,600,180,6,4,287.6444702
24,18,750,140,12,3,287.4163208
24,15,700,220,0,3,287.2486877
24,21,650,140,24,3,287.1382751
21,15,600,220,0,3,286.8994446
24,21,800,220,0,3,286.8198547
24,21,800,220,0,3,286.8198547
21,18,700,140,6,3,286.7747803
24,21,800,180,6,3,286.7716064
24,21,800,180,6,3,286.7716064
24,18,750,220,0,3,286.6332703
27,21,600,140,12,4,286.5753479
27,24,800,180,18,3,286.5508423
21,24,750,140,12,3,286.4329224
24,24,800,180,12,3,286.3532104
24,18,750,180,6,3,285.7134705
21,15,650,140,6,3,285.4137573
24,15,700,180,6,3,285.3163757
21,18,650,220,0,3,285.2693481
24,24,750,140,18,3,285.0285645
21,24,750,180,6,3,284.9416809
24,15,700,140,12,3,284.875824
24,21,750,180,12,3,284.7330322
24,21,750,180,12,3,284.7330322
21,21,700,220,0,3,284.6912231
21,21,700,220,0,3,284.6912231
21,24,750,220,0,3,284.6838074
24,18,600,140,24,3,284.4669189
24,15,600,220,12,3,284.4169006
27,21,750,180,18,3,284.3787231
24,18,800,140,0,3,284.34198
21,21,700,140,12,3,284.1741943
21,21,700,140,12,3,284.1741943
27,21,650,140,0,4,284.1022339
24,24,600,140,6,4,283.8798523
21,21,700,180,6,3,283.8680115
21,21,700,180,6,3,283.8680115
27,21,800,220,12,3,283.7390747
24,18,700,180,12,3,283.6253967
24,15,650,180,12,3,283.5743103
21,15,600,180,6,3,283.2832336
21,24,800,140,0,3,283.2148132
21,18,650,180,6,3,283.1305847
24,15,650,220,6,3,283.0309753
21,24,700,180,12,3,283.0015259
24,15,750,140,0,3,282.7749023
27,24,650,180,0,4,282.7105408
27,24,750,220,18,3,282.6487122
24,24,750,220,12,3,282.5801697
24,24,800,220,6,3,282.5762939
24,18,650,220,12,3,282.3716431
24,24,700,180,18,3,282.2390442
21,18,650,140,12,3,282.072113
24,21,700,220,12,3,281.9909973
24,21,700,220,12,3,281.9909973
24,18,700,220,6,3,281.8739929
24,21,750,220,6,3,281.8468628
24,21,750,220,6,3,281.8468628
24,21,700,140,18,3,281.8183289
24,21,700,140,18,3,281.8183289
21,21,650,180,12,3,281.7601929
21,21,650,180,12,3,281.7601929
21,21,750,140,0,3,281.6157227
21,21,750,140,0,3,281.6157227
27,21,700,220,18,3,281.4986877
21,18,600,180,12,3,281.0608521
21,18,600,220,6,3,280.8947754
21,21,600,220,12,3,280.7575989
21,21,600,220,12,3,280.7575989
21,15,600,140,12,3,280.6326904
21,24,650,220,12,3,280.5859985
21,24,700,220,6,3,280.1390381
21,21,650,220,6,3,280.0955505
21,21,650,220,6,3,280.0955505
24,24,650,220,18,3,280.0300293
21,18,700,140,0,3,279.8997192
27,24,650,140,6,4,279.7970581
24,21,650,180,18,3,279.6505432
24,21,650,180,18,3,279.6505432
24,21,800,180,0,3,279.5943298
24,21,800,180,0,3,279.5943298
24,21,600,220,18,3,279.3822021
24,21,600,220,18,3,279.3822021
24,18,650,140,18,3,279.3382568
21,24,650,140,18,3,279.0413208
27,21,600,180,0,4,278.7688599
21,15,650,140,0,3,278.3959961
24,18,750,180,0,3,278.3149109
24,21,800,140,6,3,278.1651611
24,21,800,140,6,3,278.1651611
24,18,600,180,18,3,278.131073
24,15,700,180,0,3,277.5101318
21,24,600,180,18,3,277.4588928
24,15,600,140,18,3,277.4432983
27,24,600,220,0,4,277.276825
27,24,800,140,18,3,277.2631836
24,24,800,140,12,3,277.2193604
21,24,750,180,0,3,276.7894592
24,24,600,140,0,4,276.1108398
27,24,600,180,6,4,275.8855286
24,18,750,140,6,3,275.8807983
21,21,600,140,18,3,275.6965027
21,21,600,140,18,3,275.6965027
21,21,700,180,0,3,275.6593323
21,21,700,180,0,3,275.6593323
21,24,750,140,6,3,275.2041626
27,21,800,180,12,3,275.0855408
27,24,600,140,12,4,275.0306702
24,21,750,140,12,3,274.9260254
24,21,750,140,12,3,274.9260254
24,24,800,180,6,3,274.8253174
21,18,650,180,0,3,274.7566223
27,21,600,140,6,4,274.6456604
21,15,600,180,0,3,274.4455872
24,24,800,220,0,3,274.3562622
24,15,700,140,6,3,274.1104126
27,21,750,140,18,3,274.0067139
27,24,750,180,18,3,273.8339844
24,15,650,220,0,3,273.6125488
24,21,750,220,0,3,273.5146484
24,21,750,220,0,3,273.5146484
24,18,700,220,0,3,273.1322021
24,21,750,180,6,3,273.114624
24,21,750,180,6,3,273.114624
21,21,700,140,6,3,273.0544128
21,21,700,140,6,3,273.0544128
24,24,750,180,12,3,272.9605408
27,24,800,220,12,3,272.7789307
27,24,650,140,0,4,272.6900024
24,21,600,140,24,3,272.0465698
24,21,800,140,0,3,272.0135498
24,21,800,140,0,3,272.0135498
24,18,700,140,12,3,271.8063354
27,21,800,220,6,3,271.8039856
24,18,700,180,6,3,271.796875
27,21,750,220,12,3,271.677063
27,21,700,180,18,3,271.5355835
21,24,700,140,12,3,271.305603
24,15,650,180,6,3,271.2080994
24,21,700,180,12,3,271.0481262
24,21,700,180,12,3,271.0481262
21,18,650,140,6,3,270.8613586
27,24,700,220,18,3,270.7940369
21,18,600,220,0,3,270.7186279
21,24,700,220,0,3,270.5771179
24,24,700,140,18,3,270.5665588
21,24,700,180,6,3,270.4943237
21,21,650,220,0,3,270.3273315
21,21,650,220,0,3,270.3273315
24,15,650,140,12,3,270.2360535
24,15,600,220,6,3,269.9368286
24,24,700,220,12,3,269.8434448
24,18,750,140,0,3,269.8372803
24,18,650,180,12,3,269.8268738
24,24,750,220,6,3,269.7108154
27,21,650,220,18,3,269.6712646
24,18,600,220,12,3,269.6315613
24,15,600,180,12,3,269.5610352
24,21,650,220,12,3,269.2200012
24,21,650,220,12,3,269.2200012
21,15,600,140,6,3,269.1331787
21,21,650,180,6,3,269.0914001
21,21,650,180,6,3,269.0914001
24,21,700,220,6,3,268.9111938
24,21,700,220,6,3,268.9111938
24,18,650,220,6,3,268.7924805
21,21,650,140,12,3,268.6319275
21,21,650,140,12,3,268.6319275
21,24,650,180,12,3,268.6060791
24,24,650,180,18,3,268.5676575
21,24,750,140,0,3,268.3225098
21,18,600,180,6,3,268.1096497
24,15,700,140,0,3,267.9005737
24,24,800,180,0,3,267.6880188
24,24,600,220,18,3,267.5661621
27,21,600,140,0,4,267.4841309
24,21,650,140,18,3,267.4194031
24,21,650,140,18,3,267.4194031
27,24,600,180,0,4,267.2188721
21,21,600,180,12,3,267.1080017
21,21,600,180,12,3,267.1080017
21,24,600,220,12,3,267.0901184
27,21,800,140,12,3,266.7931213
24,24,800,140,6,3,266.5888672
21,18,600,140,12,3,266.4815369
21,24,650,220,6,3,266.3791809
21,21,700,140,0,3,266.2290955
21,21,700,140,0,3,266.2290955
21,21,600,220,6,3,266.1898804
21,21,600,220,6,3,266.1898804
24,21,600,180,18,3,265.9613647
24,21,600,180,18,3,265.9613647
24,21,750,180,0,3,265.9216003
24,21,750,180,0,3,265.9216003
27,24,800,180,12,3,264.6869507
27,21,800,180,6,3,264.4293823
24,18,700,180,0,3,264.3652344
24,18,600,140,18,3,264.3259277
27,21,800,220,0,3,264.323761
21,18,650,140,0,3,264.0515137
24,21,750,140,6,3,263.9809875
24,21,750,140,6,3,263.9809875
27,24,750,140,18,3,263.9397278
27,24,600,140,6,4,263.4710083
21,24,600,140,18,3,263.4404602
24,15,650,180,0,3,263.3204346
24,24,750,140,12,3,263.2837524
27,21,750,180,12,3,262.5605164
21,24,700,180,0,3,262.3328857
21,15,600,140,0,3,262.1221313
24,24,750,180,6,3,261.6091919
24,18,700,140,6,3,261.5777588
24,24,750,220,0,3,261.4474792
27,24,700,180,18,3,261.2866211
27,24,800,220,6,3,261.1678162
27,24,750,220,12,3,261.1044006
21,21,650,180,0,3,260.8477478
21,21,650,180,0,3,260.8477478
24,24,800,140,0,3,260.5072937
27,21,700,140,18,3,260.4281616
24,21,700,220,0,3,260.403717
24,21,700,220,0,3,260.403717
21,24,700,140,6,3,260.3362427
24,15,600,220,0,3,260.2581177
24,21,700,140,12,3,260.0561218
24,21,700,140,12,3,260.0561218
27,21,700,220,12,3,259.9584961
24,18,650,220,0,3,259.8691406
27,21,750,220,6,3,259.7815552
24,24,700,180,12,3,259.6704407
24,21,700,180,6,3,259.6616516
24,21,700,180,6,3,259.6616516
21,18,600,180,0,3,259.6438293
24,15,650,140,6,3,259.4925842
27,24,650,220,18,3,259.1875916
27,21,650,180,18,3,258.4226074
27,21,600,220,18,3,258.2189941
24,18,650,180,6,3,258.0906982
24,21,750,140,0,3,257.9975891
24,21,750,140,0,3,257.9975891
27,21,800,180,0,3,257.9484863
21,21,650,140,6,3,257.7477112
21,21,650,140,6,3,257.7477112
24,21,650,180,12,3,257.6842957
24,21,650,180,12,3,257.6842957
24,24,650,220,12,3,257.4250183
24,15,600,180,6,3,257.3528442
24,18,650,140,12,3,257.331665
24,24,700,220,6,3,257.1596985
24,21,600,220,12,3,256.8205566
24,21,600,220,12,3,256.8205566
21,24,650,220,0,3,256.7181396
27,21,800,140,6,3,256.7159729
27,24,600,140,0,4,256.5919189
24,24,650,140,18,3,256.5820618
27,24,800,140,12,3,256.5088196
24,15,600,140,12,3,256.3611755
21,21,600,220,0,3,256.2553711
21,21,600,220,0,3,256.2553711
21,24,650,140,12,3,256.2444153
21,24,650,180,6,3,256.2281494
24,18,600,180,12,3,256.1925659
24,21,650,220,6,3,256.1772766
24,21,650,220,6,3,256.1772766
24,18,600,220,6,3,256.0203247
24,18,700,140,0,3,255.4445343
21,18,600,140,6,3,255.0618896
24,24,600,180,18,3,254.9526215
21,21,600,180,6,3,254.5694733
21,21,600,180,6,3,254.5694733
24,24,750,180,0,3,254.4582214
21,24,600,180,12,3,254.4402466
27,24,800,180,6,3,254.2692261
27,24,800,220,0,3,253.8018799
27,21,750,140,12,3,253.7397003
21,24,700,140,0,3,253.5449219
21,21,600,140,12,3,253.1842957
21,21,600,140,12,3,253.1842957
24,15,650,140,0,3,253.1556702
24,24,750,140,6,3,252.9537506
21,24,600,220,6,3,252.9318237
24,21,600,140,18,3,252.8482513
24,21,600,140,18,3,252.8482513
27,24,750,180,12,3,252.4777985
24,21,700,180,0,3,252.4046326
24,21,700,180,0,3,252.4046326
27,21,750,220,0,3,252.2432404
27,21,750,180,6,3,252.0036774
27,21,800,140,0,3,251.1539001
21,21,650,140,0,3,250.9839325
21,21,650,140,0,3,250.9839325
27,24,700,140,18,3,250.7139893
24,18,650,180,0,3,250.5982971
24,21,700,140,6,3,250.1235657
24,21,700,140,6,3,250.1235657
27,21,700,180,12,3,250.1149902
27,24,700,220,12,3,249.5342865
27,24,750,220,6,3,249.4610138
24,15,600,180,0,3,249.3466644
24,24,700,140,12,3,249.3121185
27,24,650,180,18,3,248.8156281
24,24,700,220,0,3,248.7360992
24,24,700,180,6,3,248.5484772
21,18,600,140,0,3,248.3712006
27,21,650,220,12,3,248.348526
21,24,650,180,0,3,248.0670319
27,21,700,220,6,3,248.0541687
27,24,600,220,18,3,247.9390411
27,24,800,180,0,3,247.8737946
24,21,650,220,0,3,247.5220337
24,21,650,220,0,3,247.5220337
27,21,650,140,18,3,247.3089142
24,18,650,140,6,3,247.2597656
24,24,750,140,0,3,246.9813538
24,18,600,220,0,3,246.8792725
27,24,800,140,6,3,246.8765411
24,24,650,180,12,3,246.675293
24,21,650,180,6,3,246.3661652
24,21,650,180,6,3,246.3661652
21,21,600,180,0,3,246.2643738
21,21,600,180,0,3,246.2643738
27,21,600,180,18,3,246.2560425
24,21,650,140,12,3,246.0245514
24,21,650,140,12,3,246.0245514
21,24,650,140,6,3,245.6167297
27,21,750,180,0,3,245.5032501
24,24,600,220,12,3,245.3370972
24,15,600,140,6,3,244.8960114
24,24,650,220,6,3,244.7602692
24,18,600,180,6,3,244.6269989
24,21,600,180,12,3,244.4756012
24,21,600,180,12,3,244.4756012
24,21,700,140,0,3,244.089386
24,21,700,140,0,3,244.089386
24,18,600,140,12,3,243.8766785
27,21,750,140,6,3,243.7733307
27,24,750,140,12,3,243.7445984
24,21,600,220,6,3,243.7414856
24,21,600,220,6,3,243.7414856
21,24,600,220,0,3,243.1386871
21,21,600,140,6,3,242.5764465
21,21,600,140,6,3,242.5764465
24,24,600,140,18,3,242.4434509
21,24,600,180,6,3,242.2312317
27,24,750,180,6,3,242.2042999
27,24,750,220,0,3,242.0484314
27,24,800,140,0,3,241.4043579
24,24,700,180,0,3,241.3782043
21,24,600,140,12,3,241.3657227
24,18,650,140,0,3,241.1793213
27,24,700,180,12,3,240.3522034
27,21,700,220,0,3,240.3448639
27,21,700,140,12,3,240.2325287
27,21,700,180,6,3,239.7631989
24,24,700,140,6,3,239.533905
24,21,650,180,0,3,239.063797
24,21,650,180,0,3,239.063797
21,24,650,140,0,3,238.901535
24,15,600,140,0,3,238.558075
27,21,750,140,0,3,238.3628693
27,24,650,220,12,3,238.2238312
27,24,700,220,6,3,238.0466614
27,24,650,140,18,3,237.9266815
27,21,650,180,12,3,237.9186401
27,21,600,220,12,3,237.1655579
24,18,600,180,0,3,237.0418701
27,24,600,180,18,3,236.5144196
27,21,650,220,6,3,236.504715
24,21,650,140,6,3,236.29216
24,21,650,140,6,3,236.29216
24,24,650,220,0,3,236.2440643
21,21,600,140,0,3,235.8990784
21,21,600,140,0,3,235.8990784
27,24,750,180,0,3,235.7854004
24,24,650,140,12,3,235.6519165
24,24,650,180,6,3,235.6500397
24,21,600,220,0,3,234.9043884
24,21,600,220,0,3,234.9043884
27,24,750,140,6,3,234.3827667
21,24,600,180,0,3,234.0188599
24,24,600,180,12,3,233.8653564
27,21,600,140,18,3,233.7649078
24,24,700,140,0,3,233.5581818
24,21,600,180,6,3,233.2976227
24,21,600,180,6,3,233.2976227
27,21,700,180,0,3,233.1956635
24,18,600,140,6,3,233.1306
24,24,600,220,6,3,232.6603851
24,21,600,140,12,3,232.4184113
24,21,600,140,12,3,232.4184113
27,21,700,140,6,3,231.1276398
21,24,600,140,6,3,231.0152893
27,24,700,140,12,3,230.9557495
27,24,700,220,0,3,230.4774628
24,21,650,140,0,3,230.3044434
24,21,650,140,0,3,230.3044434
27,24,700,180,6,3,230.2799683
27,24,750,140,0,3,229.0132141
27,21,650,220,0,3,228.6507568
27,24,650,180,12,3,228.4726105
24,24,650,180,0,3,228.4669647
27,21,650,180,6,3,227.6591492
27,21,650,140,12,3,227.5948639
27,24,600,220,12,3,227.2775879
24,18,600,140,0,3,227.0592041
27,24,650,220,6,3,226.7603607
24,24,650,140,6,3,226.1697388
27,21,600,180,12,3,225.9494324
24,21,600,180,0,3,225.9272003
24,21,600,180,0,3,225.9272003
27,21,700,140,0,3,225.6661682
27,21,600,220,6,3,225.2401581
27,24,600,140,18,3,224.7475739
21,24,600,140,0,3,224.4102631
24,24,600,220,0,3,224.0067291
27,24,700,180,0,3,223.833786
20,16,600,420,42,1,223.6955872
24,24,600,180,6,3,222.9969635
24,21,600,140,6,3,222.578476
24,21,600,140,6,3,222.578476
24,24,600,140,12,3,222.3577271
27,24,700,140,6,3,222.0926819
27,21,650,180,0,3,221.040863
24,24,650,140,0,3,220.2533569
27,24,650,220,0,3,219.0977783
27,24,650,140,12,3,218.6569214
27,24,650,180,6,3,218.5179443
27,21,650,140,6,3,218.500946
27,21,600,220,0,3,217.2028351
27,24,600,180,12,3,216.8130646
27,24,700,140,0,3,216.7133942
24,21,600,140,0,3,216.6599884
24,21,600,140,0,3,216.6599884
27,24,600,220,6,3,215.7775726
24,24,600,180,0,3,215.7522125
27,21,600,180,6,3,215.7333527
27,21,600,140,12,3,214.931488
20,16,600,400,42,1,214.7502594
27,21,650,140,0,3,213.0766754
24,24,600,140,6,3,212.9098816
20,16,600,380,42,1,212.2796326
20,17,600,420,42,1,212.2737427
27,24,650,180,0,3,212.0329132
27,24,650,140,6,3,209.8477783
20,16,600,360,42,1,209.7181244
27,21,600,180,0,3,209.0766602
20,17,600,400,42,1,208.4672546
27,24,600,220,0,3,207.9576263
20,16,600,340,42,1,207.1327362
24,24,600,140,0,3,207.0831604
27,24,600,180,6,3,206.9141388
20,18,600,420,42,1,206.4226532
20,17,600,380,42,1,206.3018341
27,24,600,140,12,3,206.2730103
27,21,600,140,6,3,205.9842529
27,24,650,140,0,3,204.5175323
20,16,600,320,42,1,204.3603821
20,17,600,360,42,1,204.2955627
20,18,600,400,42,1,203.1324921
20,17,600,340,42,1,202.2527618
20,16,600,300,42,1,201.4034424
20,19,600,420,42,1,201.2155609
20,18,600,380,42,1,200.9962921
27,21,600,140,0,3,200.6130981
27,24,600,180,0,3,200.4141388
20,17,600,320,42,1,199.9104614
20,18,600,360,42,1,199.510788
20,19,600,400,42,1,197.9795074
20,16,600,280,42,1,197.8791046
20,18,600,340,42,1,197.7269135
27,24,600,140,6,3,197.6032562
20,17,600,300,42,1,197.2062683
20,20,600,420,42,1,196.0898743
20,19,600,380,42,1,196.0453186
20,18,600,320,42,1,195.6850433
20,19,600,360,42,1,194.7615662
20,17,600,280,42,1,193.5626221
20,20,600,400,42,1,193.289444
20,19,600,340,42,1,193.1748657
20,18,600,300,42,1,192.9306488
27,24,600,140,0,3,192.4439392
20,20,600,380,42,1,191.6223145
20,19,600,320,42,1,191.5661469
20,16,600,420,36,1,191.0760651
20,20,600,360,42,1,190.6125793
20,18,600,280,42,1,189.8141327
20,20,600,340,42,1,189.3182678
20,19,600,300,42,1,189.0509644
20,16,600,400,36,1,188.4383392
20,20,600,320,42,1,187.6788635
20,19,600,280,42,1,186.3748932
20,16,600,380,36,1,186.088089
20,20,600,300,42,1,185.7542877
20,17,600,420,36,1,185.6542206
20,16,600,360,36,1,183.7102814
20,17,600,400,36,1,183.2192078
20,20,600,280,42,1,182.9641418
20,16,600,340,36,1,181.8599243
20,17,600,380,36,1,181.4482574
20,18,600,420,36,1,180.7041016
20,17,600,360,36,1,179.5168915
20,16,600,320,36,1,179.153717
20,18,600,400,36,1,178.2128448
18,15,800,220,30,1,177.7364807
20,17,600,340,36,1,177.156601
20,18,600,380,36,1,176.856842
20,19,600,420,36,1,176.2333374
20,16,600,300,36,1,175.6602631
20,18,600,360,36,1,175.1593475
20,17,600,320,36,1,175.0267334
20,19,600,400,36,1,174.1509857
20,18,600,340,36,1,173.4229889
20,19,600,380,36,1,172.7203979
20,16,600,280,36,1,172.3648529
20,17,600,300,36,1,172.2099762
20,20,600,420,36,1,171.9815979
18,15,750,220,30,1,171.6508331
20,19,600,360,36,1,171.3647919
20,18,600,320,36,1,171.1713257
20,20,600,400,36,1,169.9517059
20,19,600,340,36,1,169.7404938
18,15,800,180,30,1,169.5250854
20,20,600,380,36,1,168.836853
20,17,600,280,36,1,168.6141052
18,18,800,220,30,1,168.5582886
20,18,600,300,36,1,168.4707336
20,20,600,360,36,1,167.7967072
20,19,600,320,36,1,167.6511536
20,16,600,420,30,1,167.5010071
20,20,600,340,36,1,166.2552185
20,16,600,400,30,1,165.5899658
20,18,600,280,36,1,165.3402252
20,19,600,300,36,1,165.2963104
18,15,700,220,30,1,165.21492
20,20,600,320,36,1,164.3036499
20,16,600,380,30,1,163.6364288
20,17,600,420,30,1,163.2170563
18,15,750,180,30,1,162.9184418
18,15,800,220,24,1,162.7761841
18,18,750,220,30,1,162.2239075
20,19,600,280,36,1,162.1244812
20,20,600,300,36,1,161.9258575
18,18,800,180,30,1,161.598999
20,16,600,360,30,1,161.3787842
20,17,600,400,30,1,161.254715
18,15,800,140,30,1,161.2251282
18,21,800,220,30,1,160.4417725
20,17,600,380,30,1,159.4048462
20,20,600,280,36,1,159.3341064
20,16,600,340,30,1,158.9736786
18,15,650,220,30,1,158.8242188
20,18,600,420,30,1,158.4869995
21,15,800,220,30,1,157.9907684
20,17,600,360,30,1,157.3681488
20,18,600,400,30,1,156.8937225
18,15,750,220,24,1,156.5343933
20,16,600,320,30,1,156.4541321
18,18,700,220,30,1,156.2297516
18,15,800,180,24,1,156.0335846
18,15,700,180,30,1,156.0323792
20,18,600,380,30,1,155.4868622
20,17,600,340,30,1,155.2590485
18,18,750,180,30,1,155.0157928
20,19,600,420,30,1,154.7878265
18,15,750,140,30,1,154.5363617
18,21,750,220,30,1,154.3518066
18,18,800,220,24,1,154.1012421
18,21,800,180,30,1,153.9144135
18,18,800,140,30,1,153.9051514
20,18,600,360,30,1,153.714386
20,16,600,300,30,1,153.4958038
20,19,600,400,30,1,153.2545929
21,15,750,220,30,1,152.8556061
20,17,600,320,30,1,152.6634064
18,15,600,220,30,1,152.6091309
20,18,600,340,30,1,152.0098724
20,19,600,380,30,1,151.8862915
21,15,800,180,30,1,151.2443695
20,20,600,420,30,1,151.2424774
18,15,700,220,24,1,150.3847961
20,19,600,360,30,1,150.3824768
21,18,800,220,30,1,150.3686981
18,15,800,220,18,1,150.3262939
20,16,600,280,30,1,150.2136078
20,17,600,300,30,1,150.1003418
18,18,650,220,30,1,149.8273468
20,20,600,400,30,1,149.7433014
20,18,600,320,30,1,149.7373505
18,15,750,180,24,1,149.412384
18,15,650,180,30,1,149.3566132
18,15,800,140,24,1,149.2469482
20,16,600,420,24,1,149.1845551
20,19,600,340,30,1,148.7989349
20,20,600,380,30,1,148.6532745
18,21,700,220,30,1,148.2693024
18,18,800,180,24,1,148.0297089
18,18,750,220,24,1,147.9832306
18,18,700,180,30,1,147.95224
20,16,600,400,24,1,147.7107697
18,21,750,180,30,1,147.4283142
21,15,700,220,30,1,147.3460846
20,17,600,280,30,1,147.283493
20,20,600,360,30,1,147.1692657
20,18,600,300,30,1,147.1523132
18,18,750,140,30,1,146.9475403
18,15,700,140,30,1,146.8447266
20,19,600,320,30,1,146.7666016
18,21,800,140,30,1,146.6229095
18,21,800,220,24,1,146.490097
20,16,600,380,24,1,146.3120422
20,20,600,340,30,1,145.9869995
21,15,750,180,30,1,145.4541321
20,17,600,420,24,1,145.1993713
18,15,800,180,18,1,145.0291443
21,15,800,220,24,1,144.9735718
21,18,750,220,30,1,144.9235077
20,16,600,360,24,1,144.7097626
20,19,600,300,30,1,144.4067688
18,15,650,220,24,1,144.3713989
21,18,800,180,30,1,144.2359772
20,18,600,280,30,1,144.1781311
18,15,750,220,18,1,144.1750793
21,15,800,140,30,1,143.9279175
20,20,600,320,30,1,143.898056
20,17,600,400,24,1,143.8772583
21,21,800,220,30,1,143.8217468
18,18,600,220,30,1,143.7903442
18,15,600,180,30,1,142.8914642
24,15,800,220,30,1,142.8883667
18,15,700,180,24,1,142.8622284
20,16,600,340,24,1,142.8174896
20,17,600,380,24,1,142.6851044
18,15,750,140,24,1,142.2973633
18,21,650,220,30,1,142.258255
18,18,800,220,18,1,142.245575
18,18,700,220,24,1,141.9611664
21,15,650,220,30,1,141.9055328
18,18,800,140,24,1,141.7518005
20,20,600,300,30,1,141.6944427
20,19,600,280,30,1,141.6054535
18,18,750,180,24,1,141.593811
20,18,600,420,24,1,141.541687
18,18,650,180,30,1,141.4739227
20,17,600,360,24,1,141.2506561
18,21,700,180,30,1,141.0297699
18,21,800,180,24,1,140.9051819
20,16,600,320,24,1,140.6430511
18,21,750,220,24,1,140.5435486
20,18,600,400,24,1,140.3423767
18,15,800,220,12,1,140.1104736
18,15,650,140,30,1,140.0916443
18,21,750,140,30,1,139.8931427
21,18,700,220,30,1,139.8175507
18,18,700,140,30,1,139.7335815
21,15,750,220,24,1,139.6204376
21,15,700,180,30,1,139.5657196
20,17,600,340,24,1,139.5394135
18,15,800,140,18,1,139.4011383
20,18,600,380,24,1,139.3227234
21,15,800,180,24,1,139.1649628
20,20,600,280,30,1,139.060379
18,15,750,180,18,1,138.6155853
21,21,750,220,30,1,138.4989014
21,18,750,180,30,1,138.4542999
21,21,800,180,30,1,138.1810455
20,16,600,300,24,1,138.1561279
20,19,600,420,24,1,138.1547852
21,15,750,140,30,1,138.0728302
24,15,750,220,30,1,138.0623016
20,18,600,360,24,1,138.0516205
18,15,700,220,18,1,137.9324188
21,18,800,140,30,1,137.9154053
18,15,600,220,24,1,137.9111938
21,18,800,220,24,1,137.7335358
20,17,600,320,24,1,137.5327454
18,18,800,180,18,1,137.4687805
20,19,600,400,24,1,137.0757141
24,15,800,180,30,1,136.9858704
20,18,600,340,24,1,136.5019531
18,15,650,180,24,1,136.4204407
18,21,600,220,30,1,136.3635712
21,15,600,220,30,1,136.3169403
18,18,750,220,18,1,136.2569122
20,19,600,380,24,1,136.1962433
18,18,650,220,24,1,136.1366272
24,18,800,220,30,1,136.1302643
18,15,700,140,24,1,135.4076996
20,16,600,280,24,1,135.3320465
18,21,800,220,18,1,135.2416382
18,18,700,180,24,1,135.2268829
20,17,600,300,24,1,135.2054291
20,19,600,360,24,1,135.0748444
18,18,750,140,24,1,135.0230865
20,20,600,420,24,1,134.9977722
18,21,800,140,24,1,134.9739532
18,18,600,180,30,1,134.8934326
18,15,800,180,12,1,134.7767639
18,21,700,220,24,1,134.7709045
18,21,750,180,24,1,134.6743622
20,18,600,320,24,1,134.6442566
18,21,650,180,30,1,134.5355835
20,16,600,420,18,1,134.4301147
21,15,700,220,24,1,134.2274475
21,18,650,220,30,1,134.2102966
18,15,800,220,6,1,134.1325531
18,15,750,220,12,1,134.1127625
20,20,600,400,24,1,134.0302734
21,15,800,220,18,1,133.7299805
21,15,650,180,30,1,133.6901703
20,19,600,340,24,1,133.6564636
20,16,600,400,18,1,133.4957733
21,15,800,140,24,1,133.4584961
21,15,750,180,24,1,133.3864594
21,21,700,220,30,1,133.3679657
20,20,600,380,24,1,133.2829895
24,15,700,220,30,1,133.2457123
18,18,650,140,30,1,133.1908722
18,21,700,140,30,1,133.1797485
18,15,600,140,30,1,133.173172
18,15,750,140,18,1,132.6991577
21,18,700,180,30,1,132.6022186
20,17,600,280,24,1,132.5467834
21,18,800,180,24,1,132.5108185
21,18,750,220,24,1,132.4998474
20,18,600,300,24,1,132.4627228
20,16,600,380,18,1,132.4456329
21,21,750,180,30,1,132.4294739
18,18,800,220,12,1,132.2951965
20,20,600,360,24,1,132.2894592
18,18,800,140,18,1,132.279129
21,21,800,140,30,1,132.1625977
18,15,650,220,18,1,132.0556793
18,15,700,180,18,1,132.0079041
20,19,600,320,24,1,131.9405365
21,18,750,140,30,1,131.8895264
21,15,700,140,30,1,131.7767334
24,15,750,180,30,1,131.7620697
21,21,800,220,24,1,131.5199127
24,18,750,220,30,1,131.3803253
18,18,750,180,18,1,131.2551575
24,15,800,220,24,1,131.2186127
20,16,600,360,18,1,131.1634979
20,20,600,340,24,1,130.995163
20,17,600,420,18,1,130.9230347
24,18,800,180,30,1,130.8956146
18,21,800,180,18,1,130.7121735
24,15,800,140,30,1,130.6442719
24,21,800,220,30,1,130.6033936
18,15,800,220,0,1,130.4809418
18,18,700,220,18,1,130.4040222
18,18,600,220,24,1,130.1862488
20,17,600,400,18,1,130.115097
18,15,600,180,24,1,130.0986328
20,18,600,280,24,1,129.9454498
20,19,600,300,24,1,129.8901978
18,15,800,140,12,1,129.7741547
20,16,600,340,18,1,129.6637878
18,15,800,180,6,1,129.5615997
21,15,800,180,18,1,129.4748535
18,21,750,220,18,1,129.4497375
20,20,600,320,24,1,129.4009705
20,17,600,380,18,1,129.2178192
18,21,650,220,24,1,129.0280609
21,15,650,220,24,1,129.0208282
18,18,650,180,24,1,128.9559631
21,18,600,220,30,1,128.9526215
24,15,650,220,30,1,128.8614349
18,15,750,180,12,1,128.6547699
18,15,650,140,24,1,128.5706329
18,21,700,180,24,1,128.5099792
18,21,750,140,24,1,128.4941406
21,15,750,220,18,1,128.3990631
18,21,600,180,30,1,128.3858185
18,18,700,140,24,1,128.3626099
18,15,700,220,12,1,128.2151642
18,15,750,220,6,1,128.1575928
20,17,600,360,18,1,128.0887756
21,21,650,220,30,1,128.032135
20,16,600,320,18,1,127.8641205
20,18,600,420,18,1,127.6984253
21,15,700,180,24,1,127.6764679
18,18,800,180,12,1,127.5830154
21,15,600,180,30,1,127.5163269
20,19,600,280,24,1,127.499176
20,20,600,300,24,1,127.4637146
21,15,750,140,24,1,127.3478012
21,18,800,140,24,1,127.2444916
21,18,800,220,18,1,127.2187271
21,18,700,220,24,1,127.1702652
21,18,650,180,30,1,127.0669174
20,18,600,400,18,1,126.9866943
24,18,700,220,30,1,126.8999176
21,18,750,180,24,1,126.8723602
21,21,700,180,30,1,126.7401428
20,17,600,340,18,1,126.7325974
21,21,800,180,24,1,126.7116241
24,15,700,180,30,1,126.5901337
18,18,800,220,6,1,126.5130615
24,15,750,220,24,1,126.4989243
18,18,750,220,12,1,126.4851074
18,21,650,140,30,1,126.4131622
21,21,750,220,24,1,126.3935242
18,15,600,220,18,1,126.3899612
18,15,800,180,0,1,126.3807144
20,18,600,380,18,1,126.2276001
24,15,800,180,24,1,126.1385117
18,18,600,140,30,1,126.0975418
18,15,700,140,18,1,126.0472107
24,21,750,220,30,1,125.9743195
21,21,750,140,30,1,125.9414902
18,21,800,140,18,1,125.8308792
24,18,750,180,30,1,125.8206635
18,18,750,140,18,1,125.8143692
20,16,600,300,18,1,125.78862
24,21,800,180,30,1,125.7025452
21,18,700,140,30,1,125.6964035
18,15,650,180,18,1,125.5197449
24,15,750,140,30,1,125.3766861
21,15,650,140,30,1,125.3765106
18,21,800,220,12,1,125.3135834
24,18,800,140,30,1,125.2757111
20,18,600,360,18,1,125.2298737
20,20,600,280,24,1,125.1860886
20,17,600,320,18,1,125.0715866
18,18,700,180,18,1,125.0563736
24,18,800,220,24,1,124.9680862
18,15,800,140,6,1,124.8809204
21,15,800,140,18,1,124.769455
21,15,800,220,12,1,124.7349396
18,21,750,180,18,1,124.7030792
20,19,600,420,18,1,124.6944504
18,18,650,220,18,1,124.6281281
18,15,750,220,0,1,124.4166489
20,19,600,400,18,1,124.0779419
20,18,600,340,18,1,124.0023422
21,15,600,220,24,1,123.9337387
21,15,750,180,18,1,123.8310318
18,21,700,220,18,1,123.7582092
24,15,600,220,30,1,123.7574005
20,19,600,380,18,1,123.4399109
20,16,600,280,18,1,123.4249039
18,15,750,180,6,1,123.3959885
18,15,750,140,12,1,123.3444824
18,21,600,220,24,1,123.3231735
21,18,800,180,18,1,123.3025131
21,15,700,220,18,1,123.1716919
20,17,600,300,18,1,123.1320496
18,18,600,180,24,1,122.9001923
18,18,800,220,0,1,122.8837204
21,21,600,220,30,1,122.8548965
18,18,800,140,12,1,122.7851257
20,19,600,360,18,1,122.5594177
20,16,600,420,12,1,122.5000992
18,15,650,220,12,1,122.4858246
18,15,700,180,12,1,122.4706192
20,18,600,320,18,1,122.4669189
18,18,800,180,6,1,122.4543228
18,21,650,180,24,1,122.4309006
18,15,700,220,6,1,122.2726288
18,15,800,140,0,1,122.1775055
24,18,650,220,30,1,122.1316071
21,18,650,220,24,1,122.0980682
18,21,700,140,24,1,122.0652542
21,15,650,180,24,1,122.0607224
21,18,750,220,18,1,122.0075989
20,20,600,420,18,1,121.8885574
20,16,600,400,12,1,121.8817444
18,15,600,140,24,1,121.8470078
18,18,650,140,24,1,121.7495651
24,15,700,220,24,1,121.7310486
21,21,800,140,24,1,121.71772
18,18,750,180,12,1,121.6130524
21,21,800,220,18,1,121.5372925
20,19,600,340,18,1,121.443634
24,15,650,180,30,1,121.3700333
20,20,600,400,18,1,121.3572769
21,15,700,140,24,1,121.3008347
21,18,750,140,24,1,121.2975769
21,18,700,180,24,1,121.2934647
24,21,700,220,30,1,121.2723236
21,21,650,180,30,1,121.2162399
21,21,750,180,24,1,121.2153015
21,21,700,220,24,1,121.179451
24,15,800,140,24,1,121.1381912
21,18,600,180,30,1,121.123642
20,16,600,380,12,1,121.0993805
24,15,800,220,18,1,121.0966797
18,21,800,180,12,1,121.0130844
24,15,750,180,24,1,121.0073853
20,17,600,280,18,1,120.9009552
20,20,600,380,18,1,120.8275146
18,18,700,220,12,1,120.7725601
18,18,750,220,6,1,120.7408524
20,18,600,300,18,1,120.6460037
24,21,750,180,30,1,120.5164413
24,18,700,180,30,1,120.4810181
24,18,800,180,24,1,120.4026413
24,18,750,220,24,1,120.3422241
24,21,800,140,30,1,120.2220383
18,15,750,180,0,1,120.1936951
21,15,800,180,12,1,120.1854401
20,16,600,360,12,1,120.1147232
21,21,700,140,30,1,120.1101532
20,20,600,360,18,1,120.0523758
20,19,600,320,18,1,120.0187988
24,18,750,140,30,1,119.96315
24,15,700,140,30,1,119.7643738
18,21,600,140,30,1,119.6898346
18,21,750,220,12,1,119.6891937
24,21,800,220,24,1,119.6732254
18,21,800,220,6,1,119.6454849
18,21,750,140,18,1,119.6132889
21,18,650,140,30,1,119.5965424
21,15,750,220,12,1,119.5097351
21,15,800,220,6,1,119.477417
18,15,650,140,18,1,119.4572372
21,15,600,140,30,1,119.4341736
18,18,700,140,18,1,119.3971558
18,15,600,180,18,1,119.3958893
20,17,600,420,12,1,119.3210068
18,18,800,180,0,1,119.2813187
18,18,600,220,18,1,119.079216
20,20,600,340,18,1,119.0347061
21,18,800,140,18,1,118.8955307
20,16,600,340,12,1,118.8924942
21,15,750,140,18,1,118.8735123
18,21,700,180,18,1,118.8195648
18,18,650,180,18,1,118.8102798
20,17,600,400,12,1,118.7917328
18,15,750,140,6,1,118.5431824
20,18,600,280,18,1,118.5326767
18,15,700,220,0,1,118.4486923
21,18,800,220,12,1,118.4357681
20,19,600,300,18,1,118.3073959
21,15,700,180,18,1,118.2606735
18,18,800,140,6,1,118.1734695
20,17,600,380,12,1,118.1421509
18,21,650,220,18,1,118.1383133
21,15,650,220,18,1,118.0710678
21,21,800,180,18,1,117.8348389
21,18,750,180,18,1,117.8156433
20,20,600,320,18,1,117.7099991
24,15,800,180,18,1,117.4266434
20,16,600,320,12,1,117.4083862
24,18,600,220,30,1,117.400589
18,15,700,180,6,1,117.3286667
20,17,600,360,12,1,117.2677689
24,15,650,220,24,1,117.1145096
18,18,750,220,0,1,117.045639
21,18,600,220,24,1,116.9311523
18,15,700,140,12,1,116.908432
21,18,700,220,18,1,116.8939743
18,15,600,220,12,1,116.8581696
18,18,750,140,12,1,116.7663269
18,21,800,140,12,1,116.7552643
24,21,650,220,30,1,116.7182465
18,21,600,180,24,1,116.5571518
21,15,600,180,24,1,116.5486298
18,18,750,180,6,1,116.5120773
18,15,650,220,6,1,116.5029221
18,15,650,180,12,1,116.4807663
21,21,750,220,18,1,116.4515686
24,15,750,220,18,1,116.3700333
20,18,600,420,12,1,116.3641434
20,19,600,280,18,1,116.2978058
21,15,800,220,0,1,116.2494431
21,21,650,220,24,1,116.2231064
20,17,600,340,12,1,116.1637421
20,20,600,300,18,1,116.0933685
24,15,600,180,30,1,116.0575638
21,15,800,140,12,1,116.0047913
18,21,800,220,0,1,115.9907532
21,21,750,140,24,1,115.9610367
18,21,800,180,6,1,115.9577637
24,15,700,180,24,1,115.9324951
20,18,600,400,12,1,115.9143906
18,15,750,140,0,1,115.8568802
24,18,800,140,24,1,115.8083496
21,18,650,180,24,1,115.8007202
21,21,700,180,24,1,115.7788315
18,21,650,140,24,1,115.6971207
24,15,750,140,24,1,115.6761017
18,18,700,180,12,1,115.6612396
24,18,650,180,30,1,115.6592255
20,16,600,300,12,1,115.6427536
24,18,700,220,24,1,115.6179199
24,21,700,180,30,1,115.6128616
21,15,800,180,6,1,115.611618
21,21,600,180,30,1,115.5788498
24,18,800,220,18,1,115.5279694
24,21,800,180,24,1,115.4696884
18,18,800,140,0,1,115.4664841
21,18,700,140,24,1,115.4264297
24,18,750,180,24,1,115.3808899
20,18,600,380,12,1,115.3743896
21,15,650,140,24,1,115.2879486
18,21,750,180,12,1,115.2439651
18,18,600,140,24,1,115.2380142
18,18,650,220,12,1,115.1990967
18,18,700,220,6,1,115.0498199
24,21,750,220,24,1,115.0456848
24,21,750,140,30,1,114.8889313
21,15,750,180,12,1,114.81604
20,17,600,320,12,1,114.7933197
24,18,700,140,30,1,114.6497879
20,18,600,360,12,1,114.6066589
21,15,700,220,12,1,114.4033813
21,18,800,180,12,1,114.3483582
24,15,650,140,30,1,114.3064957
21,15,750,220,6,1,114.2534027
18,21,700,220,12,1,114.1764374
20,20,600,280,18,1,114.1748352
21,21,650,140,30,1,114.1731186
18,15,700,180,0,1,114.0780869
18,21,750,220,6,1,114.0739212
21,21,800,140,18,1,113.6654892
20,16,600,280,12,1,113.6035538
20,18,600,340,12,1,113.6020279
20,19,600,420,12,1,113.5982285
20,16,600,420,6,1,113.4592896
18,21,700,140,18,1,113.4384155
21,18,600,140,30,1,113.3697128
21,18,800,220,6,1,113.3563309
24,15,800,140,18,1,113.3369446
18,18,750,180,0,1,113.3368149
21,18,750,220,12,1,113.3025818
20,16,600,400,6,1,113.2384872
20,19,600,400,12,1,113.2244034
21,18,750,140,18,1,113.1772003
21,15,600,220,18,1,113.1655655
18,18,650,140,18,1,113.1640167
20,17,600,300,12,1,113.1403809
21,15,700,140,18,1,113.0147324
18,15,600,140,18,1,112.9787369
18,18,600,180,18,1,112.860405
18,21,650,180,18,1,112.8318787
20,16,600,380,6,1,112.817955
21,15,800,180,0,1,112.8012085
20,19,600,380,12,1,112.7800751
21,21,800,220,12,1,112.7763901
24,15,800,220,12,1,112.7694473
18,21,800,180,0,1,112.765686
18,21,600,220,18,1,112.7149735
24,15,600,220,24,1,112.6442032
18,15,650,220,0,1,112.5971603
21,21,750,180,18,1,112.5075455
21,18,700,180,18,1,112.39785
24,15,750,180,18,1,112.3949356
21,15,650,180,18,1,112.3744583
20,18,600,320,12,1,112.3349228
18,15,700,140,6,1,112.2601318
20,16,600,360,6,1,112.1727219
24,18,800,180,18,1,112.1435242
20,19,600,360,12,1,112.1053009
24,21,600,220,30,1,112.0989075
18,18,750,140,6,1,112.0929947
18,21,800,140,6,1,111.9893265
21,18,650,220,18,1,111.8911819
21,15,800,140,6,1,111.7631302
24,15,700,220,18,1,111.7357941
21,21,700,220,18,1,111.4565506
18,18,700,220,0,1,111.299263
18,15,650,180,6,1,111.2962799
20,16,600,340,6,1,111.2916031
21,21,600,220,24,1,111.2376328
20,17,600,280,12,1,111.2115707
20,19,600,340,12,1,111.1920242
24,21,800,140,24,1,111.1254501
24,18,650,220,24,1,111.0695496
20,20,600,420,12,1,110.9993515
21,15,750,220,0,1,110.9509048
24,15,650,180,24,1,110.9430237
24,18,750,220,18,1,110.8956528
18,15,600,220,6,1,110.8627167
20,18,600,300,12,1,110.7829056
24,21,800,220,18,1,110.7228394
18,21,750,140,12,1,110.722023
20,20,600,400,12,1,110.6966095
18,18,700,180,6,1,110.6640854
21,18,800,140,12,1,110.6559448
24,21,650,180,30,1,110.6175537
18,15,650,140,12,1,110.5990372
18,18,700,140,12,1,110.5850601
24,21,750,180,24,1,110.5535812
18,15,600,180,12,1,110.5492325
20,17,600,420,6,1,110.5286713
21,18,600,180,24,1,110.4985428
24,18,750,140,24,1,110.4905853
24,21,700,220,24,1,110.4834442
24,18,600,180,30,1,110.4281464
21,21,650,180,24,1,110.4196625
24,18,700,180,24,1,110.4090652
20,17,600,400,6,1,110.407608
18,21,750,220,0,1,110.388382
21,15,750,140,12,1,110.3406601
20,20,600,380,12,1,110.3364105
24,15,700,140,24,1,110.2825928
18,21,750,180,6,1,110.2635651
21,21,700,140,24,1,110.2492523
21,18,800,220,0,1,110.1996765
21,15,750,180,6,1,110.1814575
20,16,600,320,6,1,110.1491776
20,17,600,380,6,1,110.0855484
20,19,600,320,12,1,110.0152664
18,18,650,180,12,1,109.8501663
21,18,800,180,6,1,109.8388062
18,18,600,220,12,1,109.7542801
20,20,600,360,12,1,109.7445908
24,21,700,140,30,1,109.6336365
18,15,700,140,0,1,109.5870819
21,18,650,140,24,1,109.576416
18,21,700,180,12,1,109.5416946
20,17,600,360,6,1,109.536972
18,18,650,220,6,1,109.4711151
21,15,700,180,12,1,109.4409866
18,18,750,140,0,1,109.4136887
18,21,600,140,24,1,109.4035568
21,15,650,220,12,1,109.4008102
21,15,600,140,24,1,109.383934
21,15,800,140,0,1,109.3392868
18,21,800,140,0,1,109.3091049
24,18,650,140,30,1,109.130249
21,15,700,220,6,1,109.1244507
21,18,750,180,12,1,109.0859146
21,21,800,180,12,1,109.0669098
20,18,600,280,12,1,108.9522476
20,20,600,340,12,1,108.9138031
24,15,800,180,12,1,108.8319092
18,21,650,220,12,1,108.7895203
20,17,600,340,6,1,108.7511902
20,16,600,300,6,1,108.733017
18,21,700,220,6,1,108.5970154
24,15,600,140,30,1,108.5866699
20,19,600,300,12,1,108.5513382
21,18,700,220,12,1,108.3248901
24,18,800,140,18,1,108.3216553
21,18,750,220,6,1,108.2760315
21,21,600,140,30,1,108.1445618
21,21,750,140,18,1,108.1060333
24,15,750,220,12,1,108.0971603
24,15,750,140,18,1,108.0645905
18,15,650,180,0,1,108.0476913
24,15,800,220,6,1,108.0161591
21,21,750,220,12,1,107.8578186
21,21,800,220,6,1,107.8540115
20,20,600,320,12,1,107.8148499
20,18,600,420,6,1,107.8102646
20,16,600,380,0,1,107.7899475
20,18,600,400,6,1,107.7599564
20,17,600,320,6,1,107.7023239
20,16,600,360,0,1,107.5800476
20,18,600,380,6,1,107.5199051
24,21,800,180,18,1,107.5165329
21,18,700,140,18,1,107.4965897
24,18,800,220,12,1,107.4812775
18,18,700,180,0,1,107.4599533
18,21,650,140,18,1,107.4503403
24,15,700,180,18,1,107.42733
21,15,750,180,0,1,107.3514099
21,21,700,180,18,1,107.2526474
24,18,750,180,18,1,107.237442
24,15,650,220,18,1,107.2130356
21,15,650,140,18,1,107.2112274
21,18,800,180,0,1,107.138855
18,21,600,180,18,1,107.0770111
18,21,750,180,0,1,107.0695419
20,18,600,360,6,1,107.0583496
20,16,600,280,6,1,107.0510864
21,18,600,220,18,1,107.0260315
21,15,600,180,18,1,107.0186005
18,18,600,140,18,1,106.8778687
18,15,600,220,0,1,106.8423309
20,19,600,280,12,1,106.809494
21,18,650,180,18,1,106.8017426
20,16,600,400,0,1,106.7701263
20,16,600,420,0,1,106.6289673
21,21,650,220,18,1,106.5678101
24,18,600,220,24,1,106.5522385
20,20,600,300,12,1,106.4323654
20,17,600,300,6,1,106.3812103
20,18,600,340,6,1,106.3560028
24,18,700,220,18,1,106.35009
21,18,800,140,6,1,106.3337021
24,21,750,220,18,1,106.1841507
18,21,750,140,6,1,106.1695862
21,15,750,140,6,1,106.1148987
18,18,700,140,6,1,106.1102676
18,15,650,140,6,1,106.0428619
24,15,600,180,24,1,106.0370865
24,21,650,220,24,1,106.0153656
24,21,750,140,24,1,105.9463425
20,16,600,340,0,1,105.795433
21,15,700,220,0,1,105.745903
24,21,700,180,24,1,105.6912079
18,18,650,220,0,1,105.6569824
24,21,600,180,30,1,105.6458664
24,18,650,180,24,1,105.5154648
21,21,800,140,12,1,105.4936371
18,15,600,180,6,1,105.4346313
20,18,600,320,6,1,105.3906326
20,19,600,420,6,1,105.2660294
20,19,600,400,6,1,105.2655334
21,21,600,180,24,1,105.2460327
24,18,700,140,24,1,105.2158813
24,15,800,140,12,1,105.2046127
20,19,600,380,6,1,105.104599
21,18,750,220,0,1,105.0795212
24,15,800,220,0,1,105.0785141
21,18,750,140,12,1,104.9850616
20,16,600,320,0,1,104.9682922
24,15,650,140,24,1,104.9046631
18,21,700,220,0,1,104.8717041
18,18,650,180,6,1,104.8669739
21,15,700,180,6,1,104.8605652
18,21,700,140,12,1,104.8034134
20,17,600,280,6,1,104.7938004
20,20,600,280,12,1,104.7697601
21,21,800,220,0,1,104.7220459
20,19,600,360,6,1,104.7175903
24,15,800,180,6,1,104.7032166
21,21,800,180,6,1,104.668663
21,18,750,180,6,1,104.6300583
18,21,700,180,6,1,104.6297836
21,21,650,140,24,1,104.5881805
21,15,700,140,12,1,104.551712
21,15,600,220,12,1,104.5098114
18,18,650,140,12,1,104.3871002
18,15,600,140,12,1,104.2880402
24,21,650,140,30,1,104.2550125
20,18,600,300,6,1,104.1532974
21,15,650,180,12,1,104.1529388
18,18,600,180,12,1,104.1210022
20,17,600,400,0,1,104.1199799
20,17,600,380,0,1,104.1137009
20,19,600,340,6,1,104.0891953
21,15,650,220,6,1,104.0867691
18,18,600,220,6,1,104.0256195
24,15,750,180,12,1,104.0106583
30,15,600,210,30,1,103.9959793
21,18,800,140,0,1,103.9574356
21,21,750,180,12,1,103.9511719
24,18,800,180,12,1,103.9212952
18,21,650,180,12,1,103.9199753
24,21,800,140,18,1,103.9078293
20,17,600,420,0,1,103.9014664
21,18,700,180,12,1,103.8684387
20,17,600,360,0,1,103.8677902
20,16,600,300,0,1,103.8597412
21,18,600,140,24,1,103.8312683
21,15,750,140,0,1,103.8159103
24,15,700,220,12,1,103.5994415
18,21,750,140,0,1,103.5223923
18,21,600,220,12,1,103.515358
21,18,650,220,12,1,103.4345627
18,18,700,140,0,1,103.4086151
24,15,750,220,6,1,103.3830414
18,15,650,140,0,1,103.3783798
20,17,600,340,0,1,103.3776093
24,18,600,140,30,1,103.3196106
21,18,700,220,6,1,103.2957993
18,21,650,220,6,1,103.2258987
20,19,600,320,6,1,103.1956406
24,18,750,140,18,1,103.1895981
21,21,700,220,12,1,102.9856339
21,21,750,220,6,1,102.9302673
24,18,800,220,6,1,102.9228439
20,20,600,400,6,1,102.9159012
24,18,750,220,12,1,102.8936386
24,15,600,220,18,1,102.8672104
20,20,600,420,6,1,102.8654327
20,20,600,380,6,1,102.821373
24,15,700,140,18,1,102.8179016
24,21,800,220,12,1,102.7516251
24,21,750,180,18,1,102.7354431
21,21,700,140,18,1,102.7353363
20,18,600,280,6,1,102.6503067
20,17,600,320,0,1,102.6276016
30,15,600,200,30,1,102.6185379
20,20,600,360,6,1,102.5037766
20,16,600,280,0,1,102.4955826
24,18,700,180,18,1,102.393013
30,16,600,210,30,1,102.3601761
24,15,650,180,18,1,102.1719208
24,15,800,180,0,1,102.1443329
18,15,600,180,0,1,102.0938644
20,19,600,300,6,1,102.0348511
21,15,700,180,0,1,101.9850311
21,18,650,140,18,1,101.968483
21,21,800,180,0,1,101.9534302
20,20,600,340,6,1,101.9356232
21,21,650,180,18,1,101.9089584
24,18,650,220,18,1,101.9043732
21,18,750,180,0,1,101.8896866
21,21,600,220,18,1,101.8121567
24,21,700,220,18,1,101.7268524
20,18,600,380,0,1,101.6851959
18,18,650,180,0,1,101.6637955
24,21,600,220,24,1,101.6454391
20,18,600,400,0,1,101.6250992
20,17,600,300,0,1,101.5991058
21,18,600,180,18,1,101.5744247
20,18,600,360,0,1,101.5093765
21,15,600,140,18,1,101.4808807
18,21,700,180,0,1,101.4373398
18,21,600,140,18,1,101.4054947
24,15,800,140,6,1,101.391243
21,21,800,140,6,1,101.3652954
20,18,600,420,0,1,101.3401871
20,20,600,320,6,1,101.1078033
20,18,600,340,0,1,101.0853882
30,15,600,190,30,1,100.9333038
24,21,650,180,24,1,100.8981781
21,18,750,140,6,1,100.8972168
30,16,600,200,30,1,100.8341141
24,21,700,140,24,1,100.8069916
24,18,600,180,24,1,100.7913666
24,18,800,140,12,1,100.7328644
30,17,600,210,30,1,100.6392899
21,15,650,220,0,1,100.6365967
20,19,600,280,6,1,100.6075516
21,15,700,140,6,1,100.5747147
18,21,700,140,6,1,100.4376602
24,15,750,140,12,1,100.4254303
20,18,600,320,0,1,100.40345
24,15,750,220,0,1,100.3772507
20,17,600,280,0,1,100.3192596
18,18,600,220,0,1,100.1342239
18,18,650,140,6,1,100.1303711
24,18,800,220,0,1,100.1156464
21,21,750,140,12,1,100.1048737
21,18,700,220,0,1,100.0416107
20,20,600,300,6,1,100.0137482
24,18,650,140,24,1,99.98403931
18,15,600,140,6,1,99.89387512
24,18,800,180,6,1,99.87919617
24,15,750,180,6,1,99.82475281
21,21,750,220,0,1,99.77231598
24,15,600,140,24,1,99.62849426
21,21,750,180,6,1,99.62136841
21,15,650,180,6,1,99.59575653
24,21,800,180,12,1,99.50627136
21,18,700,180,6,1,99.47447968
18,21,650,220,0,1,99.45419312
20,18,600,300,0,1,99.44583893
21,18,700,140,12,1,99.39162445
20,19,600,380,0,1,99.38617706
20,19,600,360,0,1,99.26919556
20,19,600,400,0,1,99.26824951
30,18,600,210,30,1,99.26328278
24,15,800,140,0,1,99.25445557
30,17,600,200,30,1,99.24966431
30,16,600,190,30,1,99.24826813
24,15,700,180,12,1,99.24584961
18,18,600,180,6,1,99.20470428
24,18,750,180,12,1,99.19285584
21,15,600,220,6,1,99.18315125
24,15,650,220,12,1,99.15969086
21,15,650,140,12,1,99.11135864
18,21,650,180,6,1,99.06693268
21,21,800,140,0,1,99.0412674
30,15,600,180,30,1,99.004776
21,21,600,140,24,1,99.00270844
24,21,600,140,30,1,98.99529266
21,15,600,180,12,1,98.95705414
20,19,600,420,0,1,98.92588806
20,19,600,340,0,1,98.90536499
24,21,750,140,18,1,98.90424347
21,21,700,180,12,1,98.87699127
18,21,650,140,12,1,98.8713913
24,15,700,220,6,1,98.81669617
21,18,650,180,12,1,98.73058319
21,18,600,220,12,1,98.67743683
20,20,600,280,6,1,98.65428925
21,18,750,140,0,1,98.63234711
18,18,600,140,12,1,98.52644348
24,18,700,220,12,1,98.47610474
24,18,750,220,6,1,98.40878296
21,18,650,220,6,1,98.40643311
18,21,600,180,12,1,98.4050827
24,21,800,220,6,1,98.36775208
24,21,750,220,12,1,98.31008911
20,19,600,320,0,1,98.28360748
21,15,700,140,0,1,98.28158569
20,18,600,280,0,1,98.24119568
21,21,650,220,12,1,98.22416687
21,21,700,220,6,1,98.0982132
24,18,700,140,18,1,98.08530426
24,21,700,180,18,1,98.02072144
18,21,600,220,6,1,97.97672272
30,18,600,200,30,1,97.87218475
30,19,600,210,30,1,97.85100555
18,21,700,140,0,1,97.78022003
24,15,650,140,18,1,97.61820221
24,18,600,220,18,1,97.58437347
30,17,600,190,30,1,97.56091309
30,16,600,180,30,1,97.55167389
24,18,800,180,0,1,97.47550964
18,18,650,140,0,1,97.46108246
24,15,600,180,18,1,97.39647675
20,19,600,300,0,1,97.38935089
24,18,650,180,18,1,97.38259125
24,21,650,220,18,1,97.36575317
30,15,600,170,30,1,97.35894012
24,15,750,180,0,1,97.29623413
21,21,650,140,18,1,97.28330994
18,15,600,140,0,1,97.28232574
20,20,600,380,0,1,97.20239258
20,20,600,360,0,1,97.13720703
20,20,600,400,0,1,97.03429413
21,21,750,180,0,1,96.89056396
24,18,800,140,6,1,96.85290527
20,20,600,340,0,1,96.82594299
21,21,600,180,18,1,96.82222748
21,18,700,180,0,1,96.70253754
21,15,650,180,0,1,96.69210815
20,20,600,420,0,1,96.64595032
30,20,600,210,30,1,96.4252243
24,21,800,140,12,1,96.41387939
21,18,600,140,18,1,96.40118408
24,15,750,140,6,1,96.32730865
24,21,600,180,24,1,96.27246857
30,19,600,200,30,1,96.26557922
20,20,600,320,0,1,96.25771332
20,19,600,280,0,1,96.23403931
30,18,600,190,30,1,96.17084503
21,21,750,140,6,1,96.13394928
30,17,600,180,30,1,96.09794617
18,18,600,180,0,1,95.95880127
18,21,650,180,0,1,95.88111115
30,16,600,170,30,1,95.87046051
24,18,750,140,12,1,95.80543518
30,15,600,160,30,1,95.79982758
24,15,700,220,0,1,95.7495575
24,21,650,140,24,1,95.71276855
21,15,600,220,0,1,95.63314819
24,21,800,220,0,1,95.60662842
21,18,700,140,6,1,95.59159088
24,21,800,180,6,1,95.59054565
24,18,750,220,0,1,95.54441834
20,20,600,300,0,1,95.41982269
24,18,750,180,6,1,95.23783112
21,15,650,140,6,1,95.13792419
24,15,700,180,6,1,95.10546112
21,18,650,220,0,1,95.08978271
30,21,600,210,30,1,95.0851593
24,15,700,140,12,1,94.95860291
24,21,750,180,12,1,94.91101074
21,21,700,220,0,1,94.89706421
30,20,600,200,30,1,94.86875153
24,18,600,140,24,1,94.82229614
24,15,600,220,12,1,94.80564117
30,19,600,190,30,1,94.78585815
24,18,800,140,0,1,94.78067017
21,21,700,140,12,1,94.72473145
30,15,600,210,24,1,94.71861267
18,21,650,140,6,1,94.67972565
21,21,700,180,6,1,94.62267303
30,18,600,180,30,1,94.55659485
24,18,700,180,12,1,94.54179382
24,15,650,180,12,1,94.52477264
30,17,600,170,30,1,94.46247101
21,15,600,180,6,1,94.427742
30,16,600,160,30,1,94.39103699
21,18,650,180,6,1,94.37686157
24,15,650,220,6,1,94.34365845
20,20,600,280,0,1,94.32421112
24,15,750,140,0,1,94.25830841
30,15,600,150,30,1,94.22073364
18,18,600,140,6,1,94.19189453
18,21,600,220,0,1,94.1486969
24,18,650,220,12,1,94.12387848
21,18,650,140,12,1,94.02404022
24,21,700,220,12,1,93.99700165
24,18,700,220,6,1,93.95800781
24,21,750,220,6,1,93.94895935
24,21,700,140,18,1,93.9394455
21,21,650,180,12,1,93.92006683
21,21,750,140,0,1,93.87190247
30,22,600,210,30,1,93.71224213
21,18,600,180,12,1,93.68695068
21,18,600,220,6,1,93.6315918
18,21,600,180,6,1,93.62385559
30,21,600,200,30,1,93.58717346
21,21,600,220,12,1,93.58587646
21,15,600,140,12,1,93.54421997
30,20,600,190,30,1,93.4101944
30,15,600,200,24,1,93.3755188
21,21,650,220,6,1,93.3651886
21,18,700,140,0,1,93.2999115
30,19,600,180,30,1,93.23381805
24,21,650,180,18,1,93.21685028
24,21,800,180,0,1,93.19811249
30,17,600,160,30,1,93.18898773
24,21,600,220,18,1,93.12741089
24,18,650,140,18,1,93.11275482
18,21,600,140,12,1,93.09553528
30,16,600,210,24,1,93.08336639
30,18,600,170,30,1,93.03582001
30,16,600,150,30,1,92.96768188
21,15,650,140,0,1,92.79867554
24,18,750,180,0,1,92.77163696
24,21,800,140,6,1,92.72172546
24,18,600,180,18,1,92.71035767
30,23,600,210,30,1,92.5573349
30,15,600,140,30,1,92.53688812
24,15,700,180,0,1,92.50337982
24,15,600,140,18,1,92.48109436
30,22,600,200,30,1,92.41065216
30,21,600,190,30,1,92.16051483
18,21,650,140,0,1,92.09205627
30,20,600,180,30,1,92.01555634
30,15,600,190,24,1,91.97652435
24,18,750,140,6,1,91.96028137
30,19,600,170,30,1,91.95264435
21,21,600,140,18,1,91.8988266
21,21,700,180,0,1,91.88644409
30,16,600,200,24,1,91.80488586
30,18,600,160,30,1,91.77344513
24,21,750,140,12,1,91.64201355
18,18,600,140,0,1,91.61625671
21,18,650,180,0,1,91.58554077
30,17,600,210,24,1,91.55577087
30,17,600,150,30,1,91.50702667
21,15,600,180,0,1,91.48186493
30,24,600,210,30,1,91.395401
24,15,700,140,6,1,91.37013245
24,15,650,220,0,1,91.20418549
24,21,750,220,0,1,91.17156219
30,23,600,200,30,1,91.17153931
24,18,700,220,0,1,91.04406738
24,21,750,180,6,1,91.03820038
21,21,700,140,6,1,91.0181427
30,22,600,190,30,1,91.01461029
30,16,600,140,30,1,90.99079895
30,20,600,170,30,1,90.81811523
30,21,600,180,30,1,90.78084564
24,21,600,140,24,1,90.68218231
24,21,800,140,0,1,90.67118835
30,15,600,180,24,1,90.61418915
24,18,700,140,12,1,90.60210419
24,18,700,180,6,1,90.59895325
30,19,600,160,30,1,90.46253204
30,16,600,190,24,1,90.43579865
18,21,600,180,0,1,90.41186523
24,15,650,180,6,1,90.4026947
24,21,700,180,12,1,90.34938049
30,17,600,200,24,1,90.34405518
30,18,600,150,30,1,90.32866669
21,18,650,140,6,1,90.28710938
30,25,600,210,30,1,90.25240326
21,18,600,220,0,1,90.23954773
30,18,600,210,24,1,90.12255096
21,21,650,220,0,1,90.10910797
24,15,650,140,12,1,90.07868958
30,24,600,200,30,1,90.05949402
24,15,600,220,6,1,89.97893524
24,18,750,140,0,1,89.94574738
24,18,650,180,12,1,89.94229889
30,23,600,190,30,1,89.91584015
24,18,600,220,12,1,89.87718964
24,15,600,180,12,1,89.85367584
30,22,600,180,30,1,89.82456207
24,21,650,220,12,1,89.73999023
21,15,600,140,6,1,89.71105194
21,21,650,180,6,1,89.6971283
24,21,700,220,6,1,89.63705444
24,18,650,220,6,1,89.5974884
30,17,600,140,30,1,89.58589172
30,21,600,170,30,1,89.5662384
21,21,650,140,12,1,89.54397583
30,20,600,160,30,1,89.50593567
30,27,600,220,30,1,89.42964935
21,18,600,180,6,1,89.36988068
24,15,700,140,0,1,89.30018616
30,15,600,170,24,1,89.25845337
30,26,600,210,30,1,89.20072937
24,21,650,140,18,1,89.1397934
30,16,600,180,24,1,89.11991882
18,21,600,140,6,1,89.05517578
21,21,600,180,12,1,89.03598785
30,25,600,200,30,1,89.0030365
30,17,600,190,24,1,88.99375916
30,18,600,200,24,1,88.95437622
30,19,600,150,30,1,88.83575439
21,18,600,140,12,1,88.82717896
30,24,600,190,30,1,88.79795837
30,19,600,210,24,1,88.764534
21,21,700,140,0,1,88.74302673
21,21,600,220,6,1,88.72995758
24,21,600,180,18,1,88.65380096
24,21,750,180,0,1,88.64054108
30,23,600,180,30,1,88.57257843
30,18,600,140,30,1,88.46312714
30,22,600,170,30,1,88.43374634
30,28,600,220,30,1,88.37831879
30,27,600,210,30,1,88.18632507
24,18,700,180,0,1,88.12173462
24,18,600,140,18,1,88.10863495
30,21,600,160,30,1,88.06280518
21,18,650,140,0,1,88.01717377
24,21,750,140,6,1,87.99368286
30,26,600,200,30,1,87.97327423
30,15,600,160,24,1,87.89151764
30,16,600,170,24,1,87.80449677
24,15,650,180,0,1,87.77346802
30,25,600,190,30,1,87.74838257
30,17,600,180,24,1,87.71784973
30,20,600,150,30,1,87.6620636
30,19,600,200,24,1,87.64124298
30,18,600,190,24,1,87.63801575
30,24,600,180,30,1,87.59744263
30,20,600,210,24,1,87.50669098
30,29,600,220,30,1,87.39130402
21,15,600,140,0,1,87.3740387
30,23,600,170,30,1,87.34692383
30,19,600,140,30,1,87.28913116
24,18,700,140,6,1,87.19257355
30,28,600,210,30,1,87.14729309
30,27,600,200,30,1,86.96408081
21,21,650,180,0,1,86.9492569
30,22,600,160,30,1,86.93328857
24,21,700,220,0,1,86.80123901
30,26,600,190,30,1,86.76010132
24,15,600,220,0,1,86.75270081
24,21,700,140,12,1,86.68536377
24,18,650,220,0,1,86.6230545
30,15,600,210,18,1,86.6114502
30,21,600,150,30,1,86.55445862
24,21,700,180,6,1,86.55388641
21,18,600,180,0,1,86.54795074
30,25,600,180,30,1,86.54340363
30,15,600,150,24,1,86.51539612
24,15,650,140,6,1,86.49753571
30,16,600,160,24,1,86.49138641
18,21,600,140,0,1,86.46548462
30,17,600,170,24,1,86.44061279
30,30,600,220,30,1,86.42232513
30,18,600,180,24,1,86.39936066
30,20,600,200,24,1,86.39623261
30,19,600,190,24,1,86.35823059
30,21,600,210,24,1,86.28395081
30,20,600,140,30,1,86.21951294
30,29,600,210,30,1,86.21935272
30,24,600,170,30,1,86.16062164
30,28,600,200,30,1,86.07266235
24,18,650,180,6,1,86.03024292
24,21,750,140,0,1,85.99919891
21,21,650,140,6,1,85.91589355
24,21,650,180,12,1,85.89476776
30,23,600,160,30,1,85.88182831
30,27,600,190,30,1,85.80652618
24,15,600,180,6,1,85.78427887
24,18,650,140,12,1,85.77722931
24,21,600,220,12,1,85.60684204
30,26,600,180,30,1,85.5269928
30,15,600,200,18,1,85.48413086
24,15,600,140,12,1,85.45372772
21,21,600,220,0,1,85.41846466
30,22,600,150,30,1,85.40478516
24,18,600,180,12,1,85.39751434
24,21,650,220,6,1,85.39242554
24,18,600,220,6,1,85.34011078
30,30,600,210,30,1,85.32312775
30,21,600,200,24,1,85.21179962
30,16,600,210,18,1,85.20941925
30,25,600,170,30,1,85.18805695
30,17,600,160,24,1,85.16422272
30,18,600,170,24,1,85.15542603
30,19,600,180,24,1,85.15213013
24,18,700,140,0,1,85.1481781
30,20,600,190,24,1,85.14420319
30,16,600,150,24,1,85.14369202
30,22,600,210,24,1,85.12915802
30,15,600,140,24,1,85.07579041
30,29,600,200,30,1,85.06125641
30,21,600,140,30,1,85.05937195
21,18,600,140,6,1,85.02062988
30,28,600,190,30,1,84.86711884
21,21,600,180,6,1,84.85649109
30,24,600,160,30,1,84.78392029
30,27,600,180,30,1,84.50644684
30,23,600,150,30,1,84.40113068
21,21,600,140,12,1,84.39476013
24,15,650,140,0,1,84.38522339
30,15,600,190,18,1,84.37760162
24,21,600,140,18,1,84.28274536
30,30,600,200,30,1,84.17162323
24,21,700,180,0,1,84.13487244
30,26,600,170,30,1,84.12769318
30,16,600,200,18,1,84.12572479
30,22,600,200,24,1,84.0809021
30,23,600,210,24,1,84.02555084
30,21,600,190,24,1,83.99028015
30,22,600,140,30,1,83.98300171
30,20,600,180,24,1,83.96841431
30,19,600,170,24,1,83.93915558
30,18,600,160,24,1,83.91220093
30,29,600,190,30,1,83.89514923
30,17,600,210,18,1,83.88861847
30,17,600,150,24,1,83.85432434
30,25,600,160,30,1,83.82058716
30,16,600,140,24,1,83.75043488
21,21,650,140,0,1,83.66131592
30,28,600,180,30,1,83.5727005
24,18,650,180,0,1,83.53276825
30,24,600,150,30,1,83.39803314
30,15,600,180,18,1,83.38788605
24,21,700,140,6,1,83.37451935
30,27,600,170,30,1,83.20423126
24,15,600,180,0,1,83.11555481
30,16,600,190,18,1,83.05512238
30,23,600,200,24,1,82.99855804
30,24,600,210,24,1,82.96733856
30,30,600,190,30,1,82.9584198
30,23,600,140,30,1,82.95766449
30,22,600,190,24,1,82.88845062
30,17,600,200,18,1,82.84430695
30,21,600,180,24,1,82.83972168
30,26,600,160,30,1,82.81388855
30,20,600,170,24,1,82.79211426
21,18,600,140,0,1,82.79039001
30,19,600,160,24,1,82.7259903
30,18,600,210,18,1,82.64012146
30,18,600,150,24,1,82.63272095
30,29,600,180,30,1,82.63092041
24,21,650,220,0,1,82.50734711
30,17,600,140,24,1,82.50253296
30,15,600,170,18,1,82.48974609
24,18,650,140,6,1,82.41992188
30,25,600,150,30,1,82.38259888
24,18,600,220,0,1,82.29308319
30,28,600,170,30,1,82.2694397
24,21,650,180,6,1,82.12205505
30,16,600,180,18,1,82.09559631
21,21,600,180,0,1,82.08812714
24,21,650,140,12,1,82.00817871
30,25,600,210,24,1,81.94989014
30,24,600,140,30,1,81.94717407
30,24,600,200,24,1,81.89849854
30,27,600,160,30,1,81.88347626
30,23,600,190,24,1,81.83345032
30,17,600,190,18,1,81.80697632
30,22,600,180,24,1,81.76197052
30,18,600,200,18,1,81.75656891
30,30,600,180,30,1,81.72959137
30,21,600,170,24,1,81.68977356
24,15,600,140,6,1,81.63199615
30,20,600,160,24,1,81.59758759
24,18,600,180,6,1,81.54233551
24,21,600,180,12,1,81.49186707
30,19,600,150,24,1,81.47737885
30,26,600,150,30,1,81.4569397
30,19,600,210,18,1,81.45599365
30,29,600,170,30,1,81.4333725
30,15,600,160,18,1,81.39100647
24,21,700,140,0,1,81.36313629
30,18,600,140,24,1,81.32622528
24,18,600,140,12,1,81.29222107
24,21,600,220,6,1,81.24714661
30,16,600,170,18,1,81.19687653
30,27,600,220,24,1,81.07933044
30,25,600,140,30,1,81.07795715
30,26,600,210,24,1,80.96854401
30,28,600,160,30,1,80.9413681
30,25,600,200,24,1,80.90182495
30,17,600,180,18,1,80.87293243
21,21,600,140,6,1,80.85881805
30,24,600,190,24,1,80.8196106
30,23,600,180,24,1,80.73465729
30,22,600,170,24,1,80.63471985
30,18,600,190,18,1,80.62405396
30,27,600,150,30,1,80.57248688
30,21,600,160,24,1,80.51937103
30,19,600,200,18,1,80.45806122
30,30,600,170,30,1,80.45281219
24,18,650,140,0,1,80.39310455
30,20,600,150,24,1,80.37753296
30,20,600,210,18,1,80.3291626
30,15,600,150,18,1,80.24532318
30,26,600,140,30,1,80.21092224
30,19,600,140,24,1,80.20348358
30,28,600,220,24,1,80.14039612
30,16,600,160,18,1,80.12732697
30,29,600,160,30,1,80.11802673
30,27,600,210,24,1,80.02030945
30,17,600,170,18,1,79.97455597
30,26,600,200,24,1,79.93984222
30,25,600,190,24,1,79.89966583
30,24,600,180,24,1,79.74016571
30,18,600,180,18,1,79.71170044
24,21,650,180,0,1,79.68793488
30,28,600,150,30,1,79.68119049
30,23,600,170,24,1,79.62179565
24,15,600,140,0,1,79.51935577
30,15,600,210,12,1,79.51708221
30,19,600,190,18,1,79.49914551
30,22,600,160,24,1,79.48783112
30,20,600,200,18,1,79.36485291
30,21,600,150,24,1,79.32565308
30,27,600,140,30,1,79.32176209
30,21,600,210,18,1,79.25318909
30,30,600,160,30,1,79.25189209
30,29,600,220,24,1,79.22969055
30,28,600,210,24,1,79.15274048
30,20,600,140,24,1,79.13247681
30,15,600,140,18,1,79.05719757
24,18,600,180,0,1,79.01396179
30,27,600,200,24,1,79.00926209
30,16,600,150,18,1,78.99021912
30,26,600,190,24,1,78.95123291
30,17,600,160,18,1,78.93190765
30,29,600,150,30,1,78.78895569
30,18,600,170,18,1,78.78549957
30,25,600,180,24,1,78.78089142
24,21,650,140,6,1,78.76404572
30,24,600,170,24,1,78.64627838
21,21,600,140,0,1,78.63302612
30,19,600,180,18,1,78.60484314
30,23,600,160,24,1,78.49520874
30,15,600,200,12,1,78.49329376
30,20,600,190,18,1,78.42560577
30,30,600,220,24,1,78.3445816
30,22,600,150,24,1,78.31749725
30,21,600,200,18,1,78.31336212
30,28,600,140,30,1,78.30743408
24,21,600,220,0,1,78.3014679
30,29,600,210,24,1,78.25738525
30,16,600,210,12,1,78.25004578
30,22,600,210,18,1,78.22274017
30,28,600,200,24,1,78.10678101
30,21,600,140,24,1,78.10663605
30,30,600,150,30,1,77.99291992
30,27,600,190,24,1,77.97822571
30,26,600,180,24,1,77.85327148
30,16,600,140,18,1,77.83925629
30,17,600,150,18,1,77.80740356
30,18,600,160,18,1,77.79692078
24,21,600,180,6,1,77.76586151
24,18,600,140,6,1,77.71019745
30,25,600,170,24,1,77.70415497
30,19,600,170,18,1,77.60762024
30,20,600,180,18,1,77.54740143
30,24,600,160,24,1,77.53819275
30,15,600,190,12,1,77.48230743
24,21,600,140,12,1,77.47280884
30,29,600,140,30,1,77.42477417
30,21,600,190,18,1,77.397995
30,30,600,210,24,1,77.38677979
30,23,600,150,24,1,77.34542847
30,22,600,200,18,1,77.30502319
30,23,600,210,18,1,77.26309204
30,16,600,200,12,1,77.25698853
30,29,600,200,24,1,77.22055817
30,22,600,140,24,1,77.11148834
30,28,600,190,24,1,77.09049988
30,17,600,210,12,1,77.04412079
30,27,600,180,24,1,76.95385742
30,26,600,170,24,1,76.7924118
24,21,650,140,0,1,76.76815033
30,17,600,140,18,1,76.7164917
30,19,600,160,18,1,76.71569824
30,18,600,150,18,1,76.68795776
30,25,600,160,24,1,76.61290741
30,20,600,170,18,1,76.59274292
30,30,600,140,30,1,76.57106781
30,21,600,180,18,1,76.5334549
30,15,600,180,12,1,76.49647522
30,22,600,190,18,1,76.41110229
30,24,600,150,24,1,76.40703583
30,30,600,200,24,1,76.3663559
30,23,600,200,18,1,76.33580017
30,24,600,210,18,1,76.28077698
30,16,600,190,12,1,76.27690125
30,29,600,190,24,1,76.22719574
30,23,600,140,24,1,76.16056824
30,28,600,180,24,1,76.08026123
30,17,600,200,12,1,76.0802536
30,27,600,170,24,1,75.90706635
30,18,600,210,12,1,75.89421082
30,26,600,160,24,1,75.71606445
24,18,600,140,0,1,75.686409
30,20,600,160,18,1,75.68228149
30,19,600,150,18,1,75.62368011
30,18,600,140,18,1,75.60176849
30,21,600,170,18,1,75.59799957
30,22,600,180,18,1,75.55885315
30,15,600,210,6,1,75.53606415
30,15,600,170,12,1,75.50436401
30,25,600,150,24,1,75.49868774
30,23,600,190,18,1,75.46108246
30,24,600,200,18,1,75.40122986
30,30,600,190,24,1,75.38554382
30,25,600,210,18,1,75.35935974
30,16,600,180,12,1,75.31694031
24,21,600,180,0,1,75.3090744
30,24,600,140,24,1,75.24120331
30,29,600,180,24,1,75.22959137
30,17,600,190,12,1,75.1220932
30,28,600,170,24,1,75.04656219
30,18,600,200,12,1,74.9570694
30,27,600,160,24,1,74.84397888
30,19,600,210,12,1,74.79400635
30,21,600,160,18,1,74.69147491
30,15,600,200,6,1,74.69070435
30,23,600,180,18,1,74.66925049
30,22,600,170,18,1,74.64091492
30,26,600,150,24,1,74.60977936
30,20,600,150,18,1,74.60813141
30,15,600,160,12,1,74.60586548
30,19,600,140,18,1,74.56542206
30,24,600,190,18,1,74.54377747
30,25,600,200,18,1,74.49811554
30,26,600,210,18,1,74.48893738
30,27,600,220,18,1,74.44163513
30,30,600,180,24,1,74.40026093
30,16,600,210,6,1,74.362854
30,16,600,170,12,1,74.35452271
30,25,600,140,24,1,74.3498764
30,29,600,170,24,1,74.20825195
30,17,600,180,12,1,74.19324493
24,21,600,140,6,1,74.19282532
30,18,600,190,12,1,74.02500153
30,28,600,160,24,1,73.99642181
30,19,600,200,12,1,73.88222504
30,15,600,190,6,1,73.8416214
30,27,600,150,24,1,73.75242615
30,22,600,160,18,1,73.73902893
30,20,600,210,12,1,73.73899078
30,23,600,170,18,1,73.71747589
30,25,600,190,18,1,73.65628052
30,24,600,180,18,1,73.65124512
30,21,600,150,18,1,73.63553619
30,27,600,210,18,1,73.62531281
30,26,600,200,18,1,73.62348938
30,20,600,140,18,1,73.59029388
30,15,600,150,12,1,73.58649445
30,28,600,220,18,1,73.57437134
30,16,600,200,6,1,73.54090118
30,16,600,160,12,1,73.48419189
30,26,600,140,24,1,73.48390961
30,30,600,170,24,1,73.39041138
30,17,600,170,12,1,73.25701141
30,17,600,210,6,1,73.24121094
30,29,600,160,24,1,73.17018127
30,18,600,180,12,1,73.1191864
30,15,600,180,6,1,73.00590515
30,19,600,190,12,1,72.99341583
30,28,600,150,24,1,72.91731262
30,15,600,210,0,1,72.90390778
30,20,600,200,12,1,72.85053253
30,24,600,170,18,1,72.82426453
30,23,600,160,18,1,72.82068634
30,15,600,140,12,1,72.79779816
30,26,600,190,18,1,72.79551697
30,25,600,180,18,1,72.79267883
30,28,600,210,18,1,72.78608704
30,27,600,200,18,1,72.77439117
30,29,600,220,18,1,72.74443817
30,21,600,210,12,1,72.72845459
30,16,600,190,6,1,72.71433258
30,22,600,150,18,1,72.70088959
30,27,600,140,24,1,72.64085388
30,21,600,140,18,1,72.64012146
30,16,600,150,12,1,72.48962402
30,17,600,200,6,1,72.44248962
30,30,600,160,24,1,72.35617828
30,17,600,160,12,1,72.30883026
24,21,600,140,0,1,72.22000122
30,18,600,170,12,1,72.20864105
30,15,600,200,0,1,72.17884827
30,18,600,210,6,1,72.16645813
30,15,600,170,6,1,72.15110779
30,29,600,150,24,1,72.10235596
30,19,600,180,12,1,72.09017944
30,20,600,190,12,1,71.9817276
30,29,600,210,18,1,71.96899414
30,27,600,190,18,1,71.95909119
30,25,600,170,18,1,71.95895386
30,28,600,200,18,1,71.94856262
30,26,600,180,18,1,71.94510651
30,30,600,220,18,1,71.93624115
30,24,600,160,18,1,71.93264771
30,16,600,180,6,1,71.89888763
30,23,600,150,18,1,71.8747406
30,21,600,200,12,1,71.85855103
30,28,600,140,24,1,71.81848907
30,16,600,210,0,1,71.79353333
30,22,600,210,12,1,71.75192261
30,22,600,140,18,1,71.72592163
30,16,600,140,12,1,71.69766235
30,17,600,190,6,1,71.63652039
30,15,600,190,0,1,71.47144318
30,17,600,150,12,1,71.4413681
30,18,600,200,6,1,71.39176178
30,30,600,150,24,1,71.30604553
30,18,600,160,12,1,71.28229523
30,15,600,160,6,1,71.2713089
30,19,600,170,12,1,71.20465088
30,28,600,190,18,1,71.18376923
30,30,600,210,18,1,71.17223358
30,29,600,200,18,1,71.14381409
30,19,600,210,6,1,71.14365387
30,27,600,180,18,1,71.12093353
30,26,600,170,18,1,71.1182251
30,20,600,180,12,1,71.10173035
30,16,600,200,0,1,71.08738709
30,25,600,160,18,1,71.07274628
30,16,600,170,6,1,71.06414032
30,29,600,140,24,1,71.01501465
30,21,600,190,12,1,71.00728607
30,24,600,150,18,1,71.00265503
30,22,600,200,12,1,70.9021759
30,23,600,140,18,1,70.84359741
30,17,600,180,6,1,70.84288788
30,23,600,210,12,1,70.80915833
30,15,600,180,0,1,70.7432251
30,17,600,210,0,1,70.72110748
30,17,600,140,12,1,70.64657593
30,18,600,190,6,1,70.60264587
30,18,600,150,12,1,70.43626404
30,15,600,150,6,1,70.40180206
30,16,600,190,0,1,70.39698029
30,19,600,200,6,1,70.37872314
30,30,600,200,18,1,70.35916901
30,29,600,190,18,1,70.32404327
30,28,600,180,18,1,70.31787872
30,27,600,170,18,1,70.3002243
30,19,600,160,12,1,70.29586029
30,26,600,160,18,1,70.23822021
30,20,600,170,12,1,70.23588562
30,30,600,140,24,1,70.22930145
30,16,600,160,6,1,70.20695496
30,25,600,150,18,1,70.16689301
30,21,600,180,12,1,70.14940643
30,20,600,210,6,1,70.14910126
30,22,600,190,12,1,70.06872559
30,17,600,200,0,1,70.03954315
30,15,600,170,0,1,70.0324707
30,17,600,170,6,1,70.02983856
30,24,600,140,18,1,69.98953247
30,23,600,200,12,1,69.97832489
30,24,600,210,12,1,69.89614105
30,18,600,180,6,1,69.83187103
30,18,600,210,0,1,69.69510651
30,16,600,180,0,1,69.68509674
30,18,600,140,12,1,69.63930511
30,19,600,190,6,1,69.61238861
30,30,600,190,18,1,69.59825897
30,29,600,180,18,1,69.53448486
30,15,600,140,6,1,69.51984406
30,28,600,170,18,1,69.50288391
30,19,600,150,12,1,69.46968079
30,27,600,160,18,1,69.4263916
30,20,600,200,6,1,69.4029541
30,16,600,150,6,1,69.37367249
30,17,600,190,0,1,69.36564636
30,20,600,160,12,1,69.34702301
30,26,600,150,18,1,69.34498596
30,15,600,160,0,1,69.30833435
30,21,600,170,12,1,69.28801727
30,22,600,180,12,1,69.2299118
30,21,600,210,6,1,69.18953705
30,17,600,160,6,1,69.18923187
30,25,600,140,18,1,69.1609726
30,23,600,190,12,1,69.16030884
30,24,600,200,12,1,69.08468628
30,18,600,170,6,1,69.03340912
30,18,600,200,0,1,69.03072357
30,25,600,210,12,1,69.01274109
30,16,600,170,0,1,68.98958588
30,19,600,180,6,1,68.85542297
30,30,600,180,18,1,68.76902008
30,29,600,170,18,1,68.72489166
30,19,600,210,0,1,68.70514679
30,19,600,140,12,1,68.67120361
30,17,600,180,0,1,68.66973877
30,20,600,190,6,1,68.6546402
30,28,600,160,18,1,68.57520294
30,27,600,150,18,1,68.54483032
30,20,600,150,12,1,68.53765106
30,15,600,150,0,1,68.52833557
30,16,600,140,6,1,68.49874878
30,21,600,200,6,1,68.46098328
30,21,600,160,12,1,68.43109131
30,22,600,170,12,1,68.38450623
30,17,600,150,6,1,68.37561035
30,18,600,190,0,1,68.37281036
30,26,600,140,18,1,68.3554306
30,23,600,180,12,1,68.3399353
30,24,600,190,12,1,68.28800201
30,16,600,160,0,1,68.28232574
30,22,600,210,6,1,68.26184845
30,18,600,160,6,1,68.24472046
30,25,600,200,12,1,68.23027039
30,26,600,210,12,1,68.15374756
30,19,600,170,6,1,68.09170532
30,27,600,220,12,1,68.07302856
30,19,600,200,0,1,68.05728912
30,17,600,170,0,1,67.98899078
30,30,600,170,18,1,67.9644928
30,20,600,180,6,1,67.91422272
30,29,600,160,18,1,67.87468719
30,28,600,150,18,1,67.76476288
30,15,600,140,0,1,67.75338745
30,20,600,210,0,1,67.7482605
30,20,600,140,12,1,67.73696136
30,21,600,190,6,1,67.7297287
30,18,600,180,0,1,67.7004776
30,21,600,150,12,1,67.63508606
30,27,600,140,18,1,67.570755
30,22,600,200,6,1,67.54990387
30,22,600,160,12,1,67.54540253
30,17,600,140,6,1,67.52184296
30,16,600,150,0,1,67.51854706
30,23,600,170,12,1,67.50975037
30,24,600,180,12,1,67.47721863
30,25,600,190,12,1,67.43534851
30,18,600,150,6,1,67.41516113
30,19,600,190,0,1,67.40538025
30,26,600,200,12,1,67.38712311
30,23,600,210,6,1,67.36349487
30,27,600,210,12,1,67.31978607
30,19,600,160,6,1,67.30247498
30,17,600,160,0,1,67.29665375
30,28,600,220,12,1,67.23136139
30,20,600,170,6,1,67.16584015
30,30,600,160,18,1,67.13239288
30,20,600,200,0,1,67.11611938
30,18,600,170,0,1,67.02598572
30,21,600,180,6,1,67.00476074
30,29,600,150,18,1,67.00294495
30,22,600,190,6,1,66.84051514
30,21,600,210,0,1,66.8221283
30,28,600,140,18,1,66.80499268
30,16,600,140,0,1,66.76277924
30,22,600,150,12,1,66.76230621
30,19,600,180,0,1,66.75727081
30,21,600,140,12,1,66.72344971
30,23,600,160,12,1,66.68710327
30,23,600,200,6,1,66.66713715
30,24,600,170,12,1,66.66057587
30,25,600,180,12,1,66.63941956
30,26,600,190,12,1,66.60639191
30,18,600,140,6,1,66.58374786
30,27,600,200,12,1,66.56637573
30,17,600,150,0,1,66.55007935
30,28,600,210,12,1,66.50798798
30,19,600,150,6,1,66.49320221
30,24,600,210,6,1,66.49229431
30,20,600,190,0,1,66.48758698
30,29,600,220,12,1,66.42760468
30,20,600,160,6,1,66.39341736
30,18,600,160,0,1,66.34809113
30,21,600,170,6,1,66.27118683
30,30,600,150,18,1,66.25815582
30,21,600,200,0,1,66.20436859
30,22,600,180,6,1,66.12421417
30,19,600,170,0,1,66.09661865
30,29,600,140,18,1,66.05556488
30,23,600,190,6,1,65.97205353
30,22,600,210,0,1,65.9230957
30,23,600,150,12,1,65.91517639
30,22,600,140,12,1,65.86791229
30,24,600,160,12,1,65.85334015
30,20,600,180,0,1,65.84506989
30,25,600,170,12,1,65.83568573
30,26,600,180,12,1,65.82406616
30,17,600,140,0,1,65.81253815
30,24,600,200,6,1,65.81045532
30,27,600,190,12,1,65.79928589
30,28,600,200,12,1,65.76696777
30,29,600,210,12,1,65.71620178
30,19,600,140,6,1,65.67947388
30,25,600,210,6,1,65.64563751
30,30,600,220,12,1,65.64375305
30,18,600,150,0,1,65.61791992
30,20,600,150,6,1,65.60322571
30,21,600,190,0,1,65.59059143
30,21,600,160,6,1,65.5144577
30,19,600,160,0,1,65.43270874
30,22,600,170,6,1,65.40449524
30,30,600,140,18,1,65.32315063
30,22,600,200,0,1,65.31969452
30,23,600,180,6,1,65.26981354
30,20,600,170,0,1,65.19709778
30,24,600,190,6,1,65.13037872
30,24,600,150,12,1,65.06610107
30,23,600,210,0,1,65.04973602
30,25,600,160,12,1,65.04212952
30,26,600,170,12,1,65.03252411
30,27,600,180,12,1,65.03004456
30,28,600,190,12,1,65.01229095
30,29,600,200,12,1,64.98681641
30,25,600,200,6,1,64.97771454
30,21,600,180,0,1,64.96099854
30,23,600,140,12,1,64.94764709
30,30,600,210,12,1,64.94322205
30,18,600,140,0,1,64.89756012
30,26,600,210,6,1,64.81144714
30,20,600,140,6,1,64.80619049
30,21,600,150,6,1,64.75328064
30,22,600,190,0,1,64.71931458
30,19,600,150,0,1,64.71810913
30,22,600,160,6,1,64.6623764
30,27,600,220,6,1,64.64621735
30,23,600,170,6,1,64.56343079
30,20,600,160,0,1,64.54721832
30,23,600,200,0,1,64.46625519
30,24,600,180,6,1,64.44006348
30,21,600,170,0,1,64.32658386
30,25,600,190,6,1,64.31018066
30,25,600,150,12,1,64.26508331
30,28,600,180,12,1,64.2549057
30,26,600,160,12,1,64.25161743
30,27,600,170,12,1,64.24971771
30,29,600,190,12,1,64.24404144
30,24,600,140,12,1,64.22770691
30,30,600,200,12,1,64.22465515
30,24,600,210,0,1,64.20689392
30,26,600,200,6,1,64.16698456
30,22,600,180,0,1,64.10276794
30,19,600,140,0,1,64.01383972
30,27,600,210,6,1,64.00981903
30,21,600,140,6,1,63.97687531
30,22,600,150,6,1,63.9154892
30,23,600,190,0,1,63.87246323
30,28,600,220,6,1,63.85190201
30,20,600,150,0,1,63.84711456
30,23,600,160,6,1,63.83531952
30,24,600,170,6,1,63.74594879
30,21,600,160,0,1,63.68868256
30,25,600,180,6,1,63.63257217
30,24,600,200,0,1,63.62966156
30,26,600,190,6,1,63.51141739
30,29,600,180,12,1,63.49790192
30,28,600,170,12,1,63.49769974
30,30,600,190,12,1,63.49301529
30,26,600,150,12,1,63.48399735
30,22,600,170,0,1,63.48060989
30,27,600,160,12,1,63.48011398
30,25,600,140,12,1,63.43839645
30,25,600,210,0,1,63.37965393
30,27,600,200,6,1,63.37670898
30,23,600,180,0,1,63.26835251
30,28,600,210,6,1,63.22789001
30,20,600,140,0,1,63.15810776
30,22,600,140,6,1,63.15335846
30,23,600,150,6,1,63.10152817
30,29,600,220,6,1,63.07674408
30,24,600,190,0,1,63.04808426
30,24,600,160,6,1,63.03087997
30,21,600,150,0,1,63.00244904
30,25,600,170,6,1,62.95008087
30,22,600,160,0,1,62.85475922
30,26,600,180,6,1,62.84589386
30,25,600,200,0,1,62.8146553
30,30,600,180,12,1,62.75679779
30,29,600,170,12,1,62.7504921
30,27,600,190,6,1,62.73286438
30,28,600,160,12,1,62.72619247
30,27,600,150,12,1,62.6702919
30,26,600,140,12,1,62.66766357
30,23,600,170,0,1,62.6578331
30,28,600,200,6,1,62.60560608
30,26,600,210,0,1,62.57285309
30,29,600,210,6,1,62.46435547
30,24,600,180,0,1,62.45581436
30,23,600,140,6,1,62.35251236
30,21,600,140,0,1,62.32741928
30,30,600,220,6,1,62.3194809
30,27,600,220,0,1,62.31014252
30,24,600,150,6,1,62.30918121
30,25,600,160,6,1,62.24728394
30,25,600,190,0,1,62.24468613
30,22,600,150,0,1,62.19487762
30,26,600,170,6,1,62.17405701
30,27,600,180,6,1,62.07744598
30,23,600,160,0,1,62.04343033
30,26,600,200,0,1,62.01974487
30,30,600,170,12,1,62.0189743
30,29,600,160,12,1,61.98877335
30,28,600,190,6,1,61.97649765
30,28,600,150,12,1,61.92669296
30,27,600,140,12,1,61.9140625
30,24,600,170,0,1,61.85635757
30,29,600,200,6,1,61.84946442
30,27,600,210,0,1,61.78564835
30,30,600,210,6,1,61.71805191
30,25,600,180,0,1,61.66360855
30,24,600,140,6,1,61.56251144
30,28,600,220,0,1,61.53032684
30,22,600,140,0,1,61.51952362
30,25,600,150,6,1,61.51573181
30,26,600,160,6,1,61.48251724
30,26,600,190,0,1,61.45928574
30,27,600,170,6,1,61.41797638
30,23,600,150,0,1,61.39574432
30,28,600,180,6,1,61.32744598
30,30,600,160,12,1,61.26676178
30,24,600,160,0,1,61.25283051
30,27,600,200,0,1,61.24337769
30,29,600,190,6,1,61.23326111
30,29,600,150,12,1,61.1987381
30,28,600,140,12,1,61.1765976
30,30,600,200,6,1,61.10879898
30,25,600,170,0,1,61.07466888
30,28,600,210,0,1,61.01681519
30,26,600,180,0,1,60.89043808
30,25,600,140,6,1,60.80318832
30,29,600,220,0,1,60.76827621
30,26,600,150,6,1,60.76312256
30,27,600,160,6,1,60.7359581
30,23,600,140,0,1,60.73239899
30,27,600,190,0,1,60.69384003
30,28,600,170,6,1,60.6776123
30,24,600,150,0,1,60.61657715
30,29,600,180,6,1,60.59412384
30,30,600,190,6,1,60.50620651
30,30,600,150,12,1,60.48550034
30,28,600,200,0,1,60.48505783
30,25,600,160,0,1,60.48136139
30,29,600,140,12,1,60.45413208
30,26,600,170,0,1,60.30095291
30,29,600,210,0,1,60.26520538
30,27,600,180,0,1,60.13497162
30,26,600,140,6,1,60.06097412
30,27,600,150,6,1,60.02743912
30,30,600,220,0,1,60.02311325
30,28,600,160,6,1,60.00586319
30,24,600,140,0,1,59.96442032
30,29,600,170,6,1,59.95333862
30,28,600,190,0,1,59.94552231
30,30,600,180,6,1,59.87638092
30,25,600,150,0,1,59.85586166
30,30,600,140,12,1,59.74583435
30,29,600,200,0,1,59.74340057
30,26,600,160,0,1,59.72784805
30,27,600,170,0,1,59.55325317
30,30,600,210,0,1,59.52988434
30,28,600,180,0,1,59.39616013
30,27,600,140,6,1,59.33507538
30,28,600,150,6,1,59.32598495
30,29,600,160,6,1,59.29129028
30,30,600,170,6,1,59.25133896
30,25,600,140,0,1,59.21405792
30,29,600,190,0,1,59.2135582
30,26,600,150,0,1,59.11238861
30,30,600,200,0,1,59.01761627
30,27,600,160,0,1,58.99097443
30,28,600,170,0,1,58.82590103
30,29,600,180,0,1,58.66685867
30,28,600,140,6,1,58.6242485
30,29,600,150,6,1,58.62122345
30,30,600,160,6,1,58.59127426
30,30,600,190,0,1,58.49685287
30,26,600,140,0,1,58.48016357
30,27,600,150,0,1,58.38494492
30,28,600,160,0,1,58.26979065
30,29,600,170,0,1,58.11136246
30,30,600,180,0,1,57.95864868
30,30,600,150,6,1,57.92918015
30,29,600,140,6,1,57.92764282
30,27,600,140,0,1,57.76166916
30,28,600,150,0,1,57.67265701
30,29,600,160,0,1,57.56349182
30,30,600,170,0,1,57.41141891
30,30,600,140,6,1,57.24434662
30,28,600,140,0,1,57.05762863
30,29,600,150,0,1,56.97472382
30,30,600,160,0,1,56.87108612
30,29,600,140,0,1,56.36737061
30,30,600,150,0,1,56.29031754
30,30,600,140,0,1,55.68963242
12,12,300,120,10,0.5,45.6841011
20,20,600,120,40,1,135.7762756
12,12,300,120,40,0.5,79.0034256
22,22,200,120,0,1,39.43501663
22,22,250,120,0,1,42.47346497
22,22,300,120,0,1,46.39014435
22,22,350,120,0,1,50.51137543
22,22,400,120,0,1,54.77220917
22,22,200,120,6,1,41.60498047
22,22,250,120,6,1,44.48653412
22,22,300,120,6,1,48.32890701
22,22,350,120,6,1,52.40421295
22,22,400,120,6,1,56.65955734
22,22,200,120,12,1,44.30130768
22,22,250,120,12,1,47.14813614
22,22,300,120,12,1,50.98235321
22,22,350,120,12,1,55.08089066
22,22,400,120,12,1,59.41710663
22,22,200,120,18,1,49.68645096
22,22,250,120,18,1,52.51996613
22,22,300,120,18,1,56.58747101
22,22,350,120,18,1,60.84064865
22,22,400,120,18,1,65.34483337
22,19,200,120,0,1,41.74967575
22,19,250,120,0,1,44.91602325
22,19,300,120,0,1,48.99380493
22,19,350,120,0,1,53.27732849
22,19,400,120,0,1,57.70299149
22,19,200,120,6,1,44.0140686
22,19,250,120,6,1,47.01545334
22,19,300,120,6,1,50.96102524
22,22,200,120,0,2,78.87003326
22,22,250,120,0,2,84.94692993
22,22,300,120,0,2,92.7802887
22,22,350,120,0,2,101.0227509
22,22,400,120,0,2,109.5444183
22,22,200,120,6,2,83.20996094
22,22,250,120,6,2,88.97306824
22,22,300,120,6,2,96.65781403
22,22,350,120,6,2,104.8084259
22,22,400,120,6,2,113.3191147
22,22,200,120,12,2,88.60261536
22,22,250,120,12,2,94.29627228
22,22,300,120,12,2,101.9647064
22,22,350,120,12,2,110.1617813
22,22,400,120,12,2,118.8342133
22,22,200,120,18,2,99.37290192
22,22,250,120,18,2,105.0399323
22,22,300,120,18,2,113.174942
22,22,350,120,18,2,121.6812973
22,22,400,120,18,2,130.6896667
22,19,200,120,0,2,83.4993515
22,19,250,120,0,2,89.83204651
